Source Name	Comment[ENA_SAMPLE]	Comment[BioSD_SAMPLE]	Characteristics[organism]	Characteristics[organism part]	Characteristics[cell type]	Characteristics[cell line]	Characteristics[replicate]	Material Type	Protocol REF	Performer	Protocol REF	Performer	Protocol REF	Performer	Protocol REF	Performer	Extract Name	Comment[technical replicate group]	Comment[LIBRARY_LAYOUT]	Comment[LIBRARY_SELECTION]	Comment[LIBRARY_SOURCE]	Comment[LIBRARY_STRAND]	Comment[LIBRARY_STRATEGY]	Comment[NOMINAL_LENGTH]	Comment[NOMINAL_SDEV]	Comment[ORIENTATION]	Protocol REF	Performer	Assay Name	Technology Type	Comment[ENA_EXPERIMENT]	Scan Name	Comment[SUBMITTED_FILE_NAME]	Comment[ENA_RUN]	Comment[FASTQ_URI]	Comment[SPOT_LENGTH]	Comment[READ_INDEX_1_BASE_COORD]	Factor Value[compound]	Factor Value[dose]	Unit[concentration unit]	Term Source REF	Term Accession Number	Factor Value[sampling time point]	Unit[time unit]	Term Source REF	Term Accession Number
Sample 1	ERS1875912	SAMEA104216894	Homo sapiens	liver	hepatocyte	mixed pool of Hu8119, Hu1591 and Hu1540 cell lines 	1	cell	P-MTAB-67339	Jarno Wolters (Toxicogenomics)	P-MTAB-67342	Jarno Wolters (Toxicogenomics)	P-MTAB-67340	Jarno Wolters (Toxicogenomics)	P-MTAB-67343	Jarno Wolters (Toxicogenomics)	Sample 1	group 1	PAIRED	PolyA	TRANSCRIPTOMIC	not applicable	RNA-Seq	100	0	5'-3'-3'-5'	P-MTAB-67341	Clincial Genetics department in Maastricht	Sample 1	sequencing assay	ERX2155106	Sample1_ACATTA_L005_R1_001.fastq.gz	Sample1_ACATTA_L005_R1_001.fastq.gz	ERR2097730	ftp://ftp.sra.ebi.ac.uk/vol1/fastq/ERR209/000/ERR2097730/ERR2097730_1.fastq.gz	200	101	none	0	  	EFO	UO_0000063	1	day	EFO	UO_0000033
Sample 1	ERS1875912	SAMEA104216894	Homo sapiens	liver	hepatocyte	mixed pool of Hu8119, Hu1591 and Hu1540 cell lines 	1	cell	P-MTAB-67339	Jarno Wolters (Toxicogenomics)	P-MTAB-67342	Jarno Wolters (Toxicogenomics)	P-MTAB-67340	Jarno Wolters (Toxicogenomics)	P-MTAB-67343	Jarno Wolters (Toxicogenomics)	Sample 1	group 1	PAIRED	PolyA	TRANSCRIPTOMIC	not applicable	RNA-Seq	100	0	5'-3'-3'-5'	P-MTAB-67341	Clincial Genetics department in Maastricht	Sample 1	sequencing assay	ERX2155106	Sample1_ACATTA_L005_R2_001.fastq.gz	Sample1_ACATTA_L005_R2_001.fastq.gz	ERR2097730	ftp://ftp.sra.ebi.ac.uk/vol1/fastq/ERR209/000/ERR2097730/ERR2097730_2.fastq.gz	200	101	none	0	  	EFO	UO_0000063	1	day	EFO	UO_0000033
Sample 1	ERS1875912	SAMEA104216894	Homo sapiens	liver	hepatocyte	mixed pool of Hu8119, Hu1591 and Hu1540 cell lines 	1	cell	P-MTAB-67339	Jarno Wolters (Toxicogenomics)	P-MTAB-67342	Jarno Wolters (Toxicogenomics)	P-MTAB-67340	Jarno Wolters (Toxicogenomics)	P-MTAB-67343	Jarno Wolters (Toxicogenomics)	Sample 1	group 1	PAIRED	PolyA	TRANSCRIPTOMIC	not applicable	RNA-Seq	100	0	5'-3'-3'-5'	P-MTAB-67341	Clincial Genetics department in Maastricht	Sample 1	sequencing assay	ERX2155106	Sample1_ACATTA_L007_R1_001.fastq.gz	Sample1_ACATTA_L007_R1_001.fastq.gz	ERR2097731	ftp://ftp.sra.ebi.ac.uk/vol1/fastq/ERR209/001/ERR2097731/ERR2097731_1.fastq.gz	200	101	none	0	  	EFO	UO_0000063	1	day	EFO	UO_0000033
Sample 1	ERS1875912	SAMEA104216894	Homo sapiens	liver	hepatocyte	mixed pool of Hu8119, Hu1591 and Hu1540 cell lines 	1	cell	P-MTAB-67339	Jarno Wolters (Toxicogenomics)	P-MTAB-67342	Jarno Wolters (Toxicogenomics)	P-MTAB-67340	Jarno Wolters (Toxicogenomics)	P-MTAB-67343	Jarno Wolters (Toxicogenomics)	Sample 1	group 1	PAIRED	PolyA	TRANSCRIPTOMIC	not applicable	RNA-Seq	100	0	5'-3'-3'-5'	P-MTAB-67341	Clincial Genetics department in Maastricht	Sample 1	sequencing assay	ERX2155106	Sample1_ACATTA_L007_R2_001.fastq.gz	Sample1_ACATTA_L007_R2_001.fastq.gz	ERR2097731	ftp://ftp.sra.ebi.ac.uk/vol1/fastq/ERR209/001/ERR2097731/ERR2097731_2.fastq.gz	200	101	none	0	  	EFO	UO_0000063	1	day	EFO	UO_0000033
Sample 2	ERS1875913	SAMEA104216895	Homo sapiens	liver	hepatocyte	mixed pool of Hu8119, Hu1591 and Hu1540 cell lines 	1	cell	P-MTAB-67339	Jarno Wolters (Toxicogenomics)	P-MTAB-67342	Jarno Wolters (Toxicogenomics)	P-MTAB-67340	Jarno Wolters (Toxicogenomics)	P-MTAB-67343	Jarno Wolters (Toxicogenomics)	Sample 2	group 1	PAIRED	PolyA	TRANSCRIPTOMIC	not applicable	RNA-Seq	100	0	5'-3'-3'-5'	P-MTAB-67341	Clincial Genetics department in Maastricht	Sample 2	sequencing assay	ERX2155107	Sample2_ACATTA_L006_R1_001.fastq.gz	Sample2_ACATTA_L006_R1_001.fastq.gz	ERR2097732	ftp://ftp.sra.ebi.ac.uk/vol1/fastq/ERR209/002/ERR2097732/ERR2097732_1.fastq.gz	200	101	none	0	  	EFO	UO_0000063	1	day	EFO	UO_0000033
Sample 2	ERS1875913	SAMEA104216895	Homo sapiens	liver	hepatocyte	mixed pool of Hu8119, Hu1591 and Hu1540 cell lines 	1	cell	P-MTAB-67339	Jarno Wolters (Toxicogenomics)	P-MTAB-67342	Jarno Wolters (Toxicogenomics)	P-MTAB-67340	Jarno Wolters (Toxicogenomics)	P-MTAB-67343	Jarno Wolters (Toxicogenomics)	Sample 2	group 1	PAIRED	PolyA	TRANSCRIPTOMIC	not applicable	RNA-Seq	100	0	5'-3'-3'-5'	P-MTAB-67341	Clincial Genetics department in Maastricht	Sample 2	sequencing assay	ERX2155107	Sample2_ACATTA_L006_R2_001.fastq.gz	Sample2_ACATTA_L006_R2_001.fastq.gz	ERR2097732	ftp://ftp.sra.ebi.ac.uk/vol1/fastq/ERR209/002/ERR2097732/ERR2097732_2.fastq.gz	200	101	none	0	  	EFO	UO_0000063	1	day	EFO	UO_0000033
Sample 2	ERS1875913	SAMEA104216895	Homo sapiens	liver	hepatocyte	mixed pool of Hu8119, Hu1591 and Hu1540 cell lines 	1	cell	P-MTAB-67339	Jarno Wolters (Toxicogenomics)	P-MTAB-67342	Jarno Wolters (Toxicogenomics)	P-MTAB-67340	Jarno Wolters (Toxicogenomics)	P-MTAB-67343	Jarno Wolters (Toxicogenomics)	Sample 2	group 1	PAIRED	PolyA	TRANSCRIPTOMIC	not applicable	RNA-Seq	100	0	5'-3'-3'-5'	P-MTAB-67341	Clincial Genetics department in Maastricht	Sample 2	sequencing assay	ERX2155107	Sample2_ACATTA_L008_R1_001.fastq.gz	Sample2_ACATTA_L008_R1_001.fastq.gz	ERR2097733	ftp://ftp.sra.ebi.ac.uk/vol1/fastq/ERR209/003/ERR2097733/ERR2097733_1.fastq.gz	200	101	none	0	  	EFO	UO_0000063	1	day	EFO	UO_0000033
Sample 2	ERS1875913	SAMEA104216895	Homo sapiens	liver	hepatocyte	mixed pool of Hu8119, Hu1591 and Hu1540 cell lines 	1	cell	P-MTAB-67339	Jarno Wolters (Toxicogenomics)	P-MTAB-67342	Jarno Wolters (Toxicogenomics)	P-MTAB-67340	Jarno Wolters (Toxicogenomics)	P-MTAB-67343	Jarno Wolters (Toxicogenomics)	Sample 2	group 1	PAIRED	PolyA	TRANSCRIPTOMIC	not applicable	RNA-Seq	100	0	5'-3'-3'-5'	P-MTAB-67341	Clincial Genetics department in Maastricht	Sample 2	sequencing assay	ERX2155107	Sample2_ACATTA_L008_R2_001.fastq.gz	Sample2_ACATTA_L008_R2_001.fastq.gz	ERR2097733	ftp://ftp.sra.ebi.ac.uk/vol1/fastq/ERR209/003/ERR2097733/ERR2097733_2.fastq.gz	200	101	none	0	  	EFO	UO_0000063	1	day	EFO	UO_0000033
Sample 3	ERS1875914	SAMEA104216896	Homo sapiens	liver	hepatocyte	mixed pool of Hu8119, Hu1591 and Hu1540 cell lines 	1	cell	P-MTAB-67339	Jarno Wolters (Toxicogenomics)	P-MTAB-67342	Jarno Wolters (Toxicogenomics)	P-MTAB-67340	Jarno Wolters (Toxicogenomics)	P-MTAB-67343	Jarno Wolters (Toxicogenomics)	Sample 3	group 1	PAIRED	PolyA	TRANSCRIPTOMIC	not applicable	RNA-Seq	100	0	5'-3'-3'-5'	P-MTAB-67341	Clincial Genetics department in Maastricht	Sample 3	sequencing assay	ERX2155108	Sample3_CGAAGG_L006_R1_001.fastq.gz	Sample3_CGAAGG_L006_R1_001.fastq.gz	ERR2097734	ftp://ftp.sra.ebi.ac.uk/vol1/fastq/ERR209/004/ERR2097734/ERR2097734_1.fastq.gz	200	101	none	0	  	EFO	UO_0000063	1	day	EFO	UO_0000033
Sample 3	ERS1875914	SAMEA104216896	Homo sapiens	liver	hepatocyte	mixed pool of Hu8119, Hu1591 and Hu1540 cell lines 	1	cell	P-MTAB-67339	Jarno Wolters (Toxicogenomics)	P-MTAB-67342	Jarno Wolters (Toxicogenomics)	P-MTAB-67340	Jarno Wolters (Toxicogenomics)	P-MTAB-67343	Jarno Wolters (Toxicogenomics)	Sample 3	group 1	PAIRED	PolyA	TRANSCRIPTOMIC	not applicable	RNA-Seq	100	0	5'-3'-3'-5'	P-MTAB-67341	Clincial Genetics department in Maastricht	Sample 3	sequencing assay	ERX2155108	Sample3_CGAAGG_L006_R2_001.fastq.gz	Sample3_CGAAGG_L006_R2_001.fastq.gz	ERR2097734	ftp://ftp.sra.ebi.ac.uk/vol1/fastq/ERR209/004/ERR2097734/ERR2097734_2.fastq.gz	200	101	none	0	  	EFO	UO_0000063	1	day	EFO	UO_0000033
Sample 3	ERS1875914	SAMEA104216896	Homo sapiens	liver	hepatocyte	mixed pool of Hu8119, Hu1591 and Hu1540 cell lines 	1	cell	P-MTAB-67339	Jarno Wolters (Toxicogenomics)	P-MTAB-67342	Jarno Wolters (Toxicogenomics)	P-MTAB-67340	Jarno Wolters (Toxicogenomics)	P-MTAB-67343	Jarno Wolters (Toxicogenomics)	Sample 3	group 1	PAIRED	PolyA	TRANSCRIPTOMIC	not applicable	RNA-Seq	100	0	5'-3'-3'-5'	P-MTAB-67341	Clincial Genetics department in Maastricht	Sample 3	sequencing assay	ERX2155108	Sample3_CGAAGG_L008_R1_001.fastq.gz	Sample3_CGAAGG_L008_R1_001.fastq.gz	ERR2097735	ftp://ftp.sra.ebi.ac.uk/vol1/fastq/ERR209/005/ERR2097735/ERR2097735_1.fastq.gz	200	101	none	0	  	EFO	UO_0000063	1	day	EFO	UO_0000033
Sample 3	ERS1875914	SAMEA104216896	Homo sapiens	liver	hepatocyte	mixed pool of Hu8119, Hu1591 and Hu1540 cell lines 	1	cell	P-MTAB-67339	Jarno Wolters (Toxicogenomics)	P-MTAB-67342	Jarno Wolters (Toxicogenomics)	P-MTAB-67340	Jarno Wolters (Toxicogenomics)	P-MTAB-67343	Jarno Wolters (Toxicogenomics)	Sample 3	group 1	PAIRED	PolyA	TRANSCRIPTOMIC	not applicable	RNA-Seq	100	0	5'-3'-3'-5'	P-MTAB-67341	Clincial Genetics department in Maastricht	Sample 3	sequencing assay	ERX2155108	Sample3_CGAAGG_L008_R2_001.fastq.gz	Sample3_CGAAGG_L008_R2_001.fastq.gz	ERR2097735	ftp://ftp.sra.ebi.ac.uk/vol1/fastq/ERR209/005/ERR2097735/ERR2097735_2.fastq.gz	200	101	none	0	  	EFO	UO_0000063	1	day	EFO	UO_0000033
Sample 4	ERS1875915	SAMEA104216897	Homo sapiens	liver	hepatocyte	mixed pool of Hu8119, Hu1591 and Hu1540 cell lines 	2	cell	P-MTAB-67339	Jarno Wolters (Toxicogenomics)	P-MTAB-67342	Jarno Wolters (Toxicogenomics)	P-MTAB-67340	Jarno Wolters (Toxicogenomics)	P-MTAB-67343	Jarno Wolters (Toxicogenomics)	Sample 4	group 2	PAIRED	PolyA	TRANSCRIPTOMIC	not applicable	RNA-Seq	100	0	5'-3'-3'-5'	P-MTAB-67341	Clincial Genetics department in Maastricht	Sample 4	sequencing assay	ERX2155109	Sample4_GAACCT_L005_R1_001.fastq.gz	Sample4_GAACCT_L005_R1_001.fastq.gz	ERR2097736	ftp://ftp.sra.ebi.ac.uk/vol1/fastq/ERR209/006/ERR2097736/ERR2097736_1.fastq.gz	200	101	valproic acid	15	millimolar	EFO	UO_0000063	1	day	EFO	UO_0000033
Sample 4	ERS1875915	SAMEA104216897	Homo sapiens	liver	hepatocyte	mixed pool of Hu8119, Hu1591 and Hu1540 cell lines 	2	cell	P-MTAB-67339	Jarno Wolters (Toxicogenomics)	P-MTAB-67342	Jarno Wolters (Toxicogenomics)	P-MTAB-67340	Jarno Wolters (Toxicogenomics)	P-MTAB-67343	Jarno Wolters (Toxicogenomics)	Sample 4	group 2	PAIRED	PolyA	TRANSCRIPTOMIC	not applicable	RNA-Seq	100	0	5'-3'-3'-5'	P-MTAB-67341	Clincial Genetics department in Maastricht	Sample 4	sequencing assay	ERX2155109	Sample4_GAACCT_L005_R2_001.fastq.gz	Sample4_GAACCT_L005_R2_001.fastq.gz	ERR2097736	ftp://ftp.sra.ebi.ac.uk/vol1/fastq/ERR209/006/ERR2097736/ERR2097736_2.fastq.gz	200	101	valproic acid	15	millimolar	EFO	UO_0000063	1	day	EFO	UO_0000033
Sample 4	ERS1875915	SAMEA104216897	Homo sapiens	liver	hepatocyte	mixed pool of Hu8119, Hu1591 and Hu1540 cell lines 	2	cell	P-MTAB-67339	Jarno Wolters (Toxicogenomics)	P-MTAB-67342	Jarno Wolters (Toxicogenomics)	P-MTAB-67340	Jarno Wolters (Toxicogenomics)	P-MTAB-67343	Jarno Wolters (Toxicogenomics)	Sample 4	group 2	PAIRED	PolyA	TRANSCRIPTOMIC	not applicable	RNA-Seq	100	0	5'-3'-3'-5'	P-MTAB-67341	Clincial Genetics department in Maastricht	Sample 4	sequencing assay	ERX2155109	Sample4_GAACCT_L007_R1_001.fastq.gz	Sample4_GAACCT_L007_R1_001.fastq.gz	ERR2097737	ftp://ftp.sra.ebi.ac.uk/vol1/fastq/ERR209/007/ERR2097737/ERR2097737_1.fastq.gz	200	101	valproic acid	15	millimolar	EFO	UO_0000063	1	day	EFO	UO_0000033
Sample 4	ERS1875915	SAMEA104216897	Homo sapiens	liver	hepatocyte	mixed pool of Hu8119, Hu1591 and Hu1540 cell lines 	2	cell	P-MTAB-67339	Jarno Wolters (Toxicogenomics)	P-MTAB-67342	Jarno Wolters (Toxicogenomics)	P-MTAB-67340	Jarno Wolters (Toxicogenomics)	P-MTAB-67343	Jarno Wolters (Toxicogenomics)	Sample 4	group 2	PAIRED	PolyA	TRANSCRIPTOMIC	not applicable	RNA-Seq	100	0	5'-3'-3'-5'	P-MTAB-67341	Clincial Genetics department in Maastricht	Sample 4	sequencing assay	ERX2155109	Sample4_GAACCT_L007_R2_001.fastq.gz	Sample4_GAACCT_L007_R2_001.fastq.gz	ERR2097737	ftp://ftp.sra.ebi.ac.uk/vol1/fastq/ERR209/007/ERR2097737/ERR2097737_2.fastq.gz	200	101	valproic acid	15	millimolar	EFO	UO_0000063	1	day	EFO	UO_0000033
Sample 5	ERS1875916	SAMEA104216898	Homo sapiens	liver	hepatocyte	mixed pool of Hu8119, Hu1591 and Hu1540 cell lines 	2	cell	P-MTAB-67339	Jarno Wolters (Toxicogenomics)	P-MTAB-67342	Jarno Wolters (Toxicogenomics)	P-MTAB-67340	Jarno Wolters (Toxicogenomics)	P-MTAB-67343	Jarno Wolters (Toxicogenomics)	Sample 5	group 2	PAIRED	PolyA	TRANSCRIPTOMIC	not applicable	RNA-Seq	100	0	5'-3'-3'-5'	P-MTAB-67341	Clincial Genetics department in Maastricht	Sample 5	sequencing assay	ERX2155110	Sample5_GAACCT_L006_R1_001.fastq.gz	Sample5_GAACCT_L006_R1_001.fastq.gz	ERR2097738	ftp://ftp.sra.ebi.ac.uk/vol1/fastq/ERR209/008/ERR2097738/ERR2097738_1.fastq.gz	200	101	valproic acid	15	millimolar	EFO	UO_0000063	1	day	EFO	UO_0000033
Sample 5	ERS1875916	SAMEA104216898	Homo sapiens	liver	hepatocyte	mixed pool of Hu8119, Hu1591 and Hu1540 cell lines 	2	cell	P-MTAB-67339	Jarno Wolters (Toxicogenomics)	P-MTAB-67342	Jarno Wolters (Toxicogenomics)	P-MTAB-67340	Jarno Wolters (Toxicogenomics)	P-MTAB-67343	Jarno Wolters (Toxicogenomics)	Sample 5	group 2	PAIRED	PolyA	TRANSCRIPTOMIC	not applicable	RNA-Seq	100	0	5'-3'-3'-5'	P-MTAB-67341	Clincial Genetics department in Maastricht	Sample 5	sequencing assay	ERX2155110	Sample5_GAACCT_L006_R2_001.fastq.gz	Sample5_GAACCT_L006_R2_001.fastq.gz	ERR2097738	ftp://ftp.sra.ebi.ac.uk/vol1/fastq/ERR209/008/ERR2097738/ERR2097738_2.fastq.gz	200	101	valproic acid	15	millimolar	EFO	UO_0000063	1	day	EFO	UO_0000033
Sample 5	ERS1875916	SAMEA104216898	Homo sapiens	liver	hepatocyte	mixed pool of Hu8119, Hu1591 and Hu1540 cell lines 	2	cell	P-MTAB-67339	Jarno Wolters (Toxicogenomics)	P-MTAB-67342	Jarno Wolters (Toxicogenomics)	P-MTAB-67340	Jarno Wolters (Toxicogenomics)	P-MTAB-67343	Jarno Wolters (Toxicogenomics)	Sample 5	group 2	PAIRED	PolyA	TRANSCRIPTOMIC	not applicable	RNA-Seq	100	0	5'-3'-3'-5'	P-MTAB-67341	Clincial Genetics department in Maastricht	Sample 5	sequencing assay	ERX2155110	Sample5_GAACCT_L008_R1_001.fastq.gz	Sample5_GAACCT_L008_R1_001.fastq.gz	ERR2097739	ftp://ftp.sra.ebi.ac.uk/vol1/fastq/ERR209/009/ERR2097739/ERR2097739_1.fastq.gz	200	101	valproic acid	15	millimolar	EFO	UO_0000063	1	day	EFO	UO_0000033
Sample 5	ERS1875916	SAMEA104216898	Homo sapiens	liver	hepatocyte	mixed pool of Hu8119, Hu1591 and Hu1540 cell lines 	2	cell	P-MTAB-67339	Jarno Wolters (Toxicogenomics)	P-MTAB-67342	Jarno Wolters (Toxicogenomics)	P-MTAB-67340	Jarno Wolters (Toxicogenomics)	P-MTAB-67343	Jarno Wolters (Toxicogenomics)	Sample 5	group 2	PAIRED	PolyA	TRANSCRIPTOMIC	not applicable	RNA-Seq	100	0	5'-3'-3'-5'	P-MTAB-67341	Clincial Genetics department in Maastricht	Sample 5	sequencing assay	ERX2155110	Sample5_GAACCT_L008_R2_001.fastq.gz	Sample5_GAACCT_L008_R2_001.fastq.gz	ERR2097739	ftp://ftp.sra.ebi.ac.uk/vol1/fastq/ERR209/009/ERR2097739/ERR2097739_2.fastq.gz	200	101	valproic acid	15	millimolar	EFO	UO_0000063	1	day	EFO	UO_0000033
Sample 6	ERS1875917	SAMEA104216899	Homo sapiens	liver	hepatocyte	mixed pool of Hu8119, Hu1591 and Hu1540 cell lines 	2	cell	P-MTAB-67339	Jarno Wolters (Toxicogenomics)	P-MTAB-67342	Jarno Wolters (Toxicogenomics)	P-MTAB-67340	Jarno Wolters (Toxicogenomics)	P-MTAB-67343	Jarno Wolters (Toxicogenomics)	Sample 6	group 2	PAIRED	PolyA	TRANSCRIPTOMIC	not applicable	RNA-Seq	100	0	5'-3'-3'-5'	P-MTAB-67341	Clincial Genetics department in Maastricht	Sample 6	sequencing assay	ERX2155111	Sample6_AACGCC_L006_R1_001.fastq.gz	Sample6_AACGCC_L006_R1_001.fastq.gz	ERR2097740	ftp://ftp.sra.ebi.ac.uk/vol1/fastq/ERR209/000/ERR2097740/ERR2097740_1.fastq.gz	200	101	valproic acid	15	millimolar	EFO	UO_0000063	1	day	EFO	UO_0000033
Sample 6	ERS1875917	SAMEA104216899	Homo sapiens	liver	hepatocyte	mixed pool of Hu8119, Hu1591 and Hu1540 cell lines 	2	cell	P-MTAB-67339	Jarno Wolters (Toxicogenomics)	P-MTAB-67342	Jarno Wolters (Toxicogenomics)	P-MTAB-67340	Jarno Wolters (Toxicogenomics)	P-MTAB-67343	Jarno Wolters (Toxicogenomics)	Sample 6	group 2	PAIRED	PolyA	TRANSCRIPTOMIC	not applicable	RNA-Seq	100	0	5'-3'-3'-5'	P-MTAB-67341	Clincial Genetics department in Maastricht	Sample 6	sequencing assay	ERX2155111	Sample6_AACGCC_L006_R2_001.fastq.gz	Sample6_AACGCC_L006_R2_001.fastq.gz	ERR2097740	ftp://ftp.sra.ebi.ac.uk/vol1/fastq/ERR209/000/ERR2097740/ERR2097740_2.fastq.gz	200	101	valproic acid	15	millimolar	EFO	UO_0000063	1	day	EFO	UO_0000033
Sample 6	ERS1875917	SAMEA104216899	Homo sapiens	liver	hepatocyte	mixed pool of Hu8119, Hu1591 and Hu1540 cell lines 	2	cell	P-MTAB-67339	Jarno Wolters (Toxicogenomics)	P-MTAB-67342	Jarno Wolters (Toxicogenomics)	P-MTAB-67340	Jarno Wolters (Toxicogenomics)	P-MTAB-67343	Jarno Wolters (Toxicogenomics)	Sample 6	group 2	PAIRED	PolyA	TRANSCRIPTOMIC	not applicable	RNA-Seq	100	0	5'-3'-3'-5'	P-MTAB-67341	Clincial Genetics department in Maastricht	Sample 6	sequencing assay	ERX2155111	Sample6_AACGCC_L008_R1_001.fastq.gz	Sample6_AACGCC_L008_R1_001.fastq.gz	ERR2097741	ftp://ftp.sra.ebi.ac.uk/vol1/fastq/ERR209/001/ERR2097741/ERR2097741_1.fastq.gz	200	101	valproic acid	15	millimolar	EFO	UO_0000063	1	day	EFO	UO_0000033
Sample 6	ERS1875917	SAMEA104216899	Homo sapiens	liver	hepatocyte	mixed pool of Hu8119, Hu1591 and Hu1540 cell lines 	2	cell	P-MTAB-67339	Jarno Wolters (Toxicogenomics)	P-MTAB-67342	Jarno Wolters (Toxicogenomics)	P-MTAB-67340	Jarno Wolters (Toxicogenomics)	P-MTAB-67343	Jarno Wolters (Toxicogenomics)	Sample 6	group 2	PAIRED	PolyA	TRANSCRIPTOMIC	not applicable	RNA-Seq	100	0	5'-3'-3'-5'	P-MTAB-67341	Clincial Genetics department in Maastricht	Sample 6	sequencing assay	ERX2155111	Sample6_AACGCC_L008_R2_001.fastq.gz	Sample6_AACGCC_L008_R2_001.fastq.gz	ERR2097741	ftp://ftp.sra.ebi.ac.uk/vol1/fastq/ERR209/001/ERR2097741/ERR2097741_2.fastq.gz	200	101	valproic acid	15	millimolar	EFO	UO_0000063	1	day	EFO	UO_0000033
Sample 7	ERS1875918	SAMEA104216900	Homo sapiens	liver	hepatocyte	mixed pool of Hu8119, Hu1591 and Hu1540 cell lines 	3	cell	P-MTAB-67339	Jarno Wolters (Toxicogenomics)	P-MTAB-67342	Jarno Wolters (Toxicogenomics)	P-MTAB-67340	Jarno Wolters (Toxicogenomics)	P-MTAB-67343	Jarno Wolters (Toxicogenomics)	Sample 7	group 3	PAIRED	PolyA	TRANSCRIPTOMIC	not applicable	RNA-Seq	100	0	5'-3'-3'-5'	P-MTAB-67341	Clincial Genetics department in Maastricht	Sample 7	sequencing assay	ERX2155112	Sample7_ACAACG_L005_R1_001.fastq.gz	Sample7_ACAACG_L005_R1_001.fastq.gz	ERR2097742	ftp://ftp.sra.ebi.ac.uk/vol1/fastq/ERR209/002/ERR2097742/ERR2097742_1.fastq.gz	200	101	none	0	  	EFO	UO_0000063	2	day	EFO	UO_0000033
Sample 7	ERS1875918	SAMEA104216900	Homo sapiens	liver	hepatocyte	mixed pool of Hu8119, Hu1591 and Hu1540 cell lines 	3	cell	P-MTAB-67339	Jarno Wolters (Toxicogenomics)	P-MTAB-67342	Jarno Wolters (Toxicogenomics)	P-MTAB-67340	Jarno Wolters (Toxicogenomics)	P-MTAB-67343	Jarno Wolters (Toxicogenomics)	Sample 7	group 3	PAIRED	PolyA	TRANSCRIPTOMIC	not applicable	RNA-Seq	100	0	5'-3'-3'-5'	P-MTAB-67341	Clincial Genetics department in Maastricht	Sample 7	sequencing assay	ERX2155112	Sample7_ACAACG_L005_R2_001.fastq.gz	Sample7_ACAACG_L005_R2_001.fastq.gz	ERR2097742	ftp://ftp.sra.ebi.ac.uk/vol1/fastq/ERR209/002/ERR2097742/ERR2097742_2.fastq.gz	200	101	none	0	  	EFO	UO_0000063	2	day	EFO	UO_0000033
Sample 7	ERS1875918	SAMEA104216900	Homo sapiens	liver	hepatocyte	mixed pool of Hu8119, Hu1591 and Hu1540 cell lines 	3	cell	P-MTAB-67339	Jarno Wolters (Toxicogenomics)	P-MTAB-67342	Jarno Wolters (Toxicogenomics)	P-MTAB-67340	Jarno Wolters (Toxicogenomics)	P-MTAB-67343	Jarno Wolters (Toxicogenomics)	Sample 7	group 3	PAIRED	PolyA	TRANSCRIPTOMIC	not applicable	RNA-Seq	100	0	5'-3'-3'-5'	P-MTAB-67341	Clincial Genetics department in Maastricht	Sample 7	sequencing assay	ERX2155112	Sample7_ACAACG_L007_R1_001.fastq.gz	Sample7_ACAACG_L007_R1_001.fastq.gz	ERR2097743	ftp://ftp.sra.ebi.ac.uk/vol1/fastq/ERR209/003/ERR2097743/ERR2097743_1.fastq.gz	200	101	none	0	  	EFO	UO_0000063	2	day	EFO	UO_0000033
Sample 7	ERS1875918	SAMEA104216900	Homo sapiens	liver	hepatocyte	mixed pool of Hu8119, Hu1591 and Hu1540 cell lines 	3	cell	P-MTAB-67339	Jarno Wolters (Toxicogenomics)	P-MTAB-67342	Jarno Wolters (Toxicogenomics)	P-MTAB-67340	Jarno Wolters (Toxicogenomics)	P-MTAB-67343	Jarno Wolters (Toxicogenomics)	Sample 7	group 3	PAIRED	PolyA	TRANSCRIPTOMIC	not applicable	RNA-Seq	100	0	5'-3'-3'-5'	P-MTAB-67341	Clincial Genetics department in Maastricht	Sample 7	sequencing assay	ERX2155112	Sample7_ACAACG_L007_R2_001.fastq.gz	Sample7_ACAACG_L007_R2_001.fastq.gz	ERR2097743	ftp://ftp.sra.ebi.ac.uk/vol1/fastq/ERR209/003/ERR2097743/ERR2097743_2.fastq.gz	200	101	none	0	  	EFO	UO_0000063	2	day	EFO	UO_0000033
Sample 8	ERS1875919	SAMEA104216901	Homo sapiens	liver	hepatocyte	mixed pool of Hu8119, Hu1591 and Hu1540 cell lines 	3	cell	P-MTAB-67339	Jarno Wolters (Toxicogenomics)	P-MTAB-67342	Jarno Wolters (Toxicogenomics)	P-MTAB-67340	Jarno Wolters (Toxicogenomics)	P-MTAB-67343	Jarno Wolters (Toxicogenomics)	Sample 8	group 3	PAIRED	PolyA	TRANSCRIPTOMIC	not applicable	RNA-Seq	100	0	5'-3'-3'-5'	P-MTAB-67341	Clincial Genetics department in Maastricht	Sample 8	sequencing assay	ERX2155113	Sample8_ACAACG_L006_R1_001.fastq.gz	Sample8_ACAACG_L006_R1_001.fastq.gz	ERR2097744	ftp://ftp.sra.ebi.ac.uk/vol1/fastq/ERR209/004/ERR2097744/ERR2097744_1.fastq.gz	200	101	none	0	  	EFO	UO_0000063	2	day	EFO	UO_0000033
Sample 8	ERS1875919	SAMEA104216901	Homo sapiens	liver	hepatocyte	mixed pool of Hu8119, Hu1591 and Hu1540 cell lines 	3	cell	P-MTAB-67339	Jarno Wolters (Toxicogenomics)	P-MTAB-67342	Jarno Wolters (Toxicogenomics)	P-MTAB-67340	Jarno Wolters (Toxicogenomics)	P-MTAB-67343	Jarno Wolters (Toxicogenomics)	Sample 8	group 3	PAIRED	PolyA	TRANSCRIPTOMIC	not applicable	RNA-Seq	100	0	5'-3'-3'-5'	P-MTAB-67341	Clincial Genetics department in Maastricht	Sample 8	sequencing assay	ERX2155113	Sample8_ACAACG_L006_R2_001.fastq.gz	Sample8_ACAACG_L006_R2_001.fastq.gz	ERR2097744	ftp://ftp.sra.ebi.ac.uk/vol1/fastq/ERR209/004/ERR2097744/ERR2097744_2.fastq.gz	200	101	none	0	  	EFO	UO_0000063	2	day	EFO	UO_0000033
Sample 8	ERS1875919	SAMEA104216901	Homo sapiens	liver	hepatocyte	mixed pool of Hu8119, Hu1591 and Hu1540 cell lines 	3	cell	P-MTAB-67339	Jarno Wolters (Toxicogenomics)	P-MTAB-67342	Jarno Wolters (Toxicogenomics)	P-MTAB-67340	Jarno Wolters (Toxicogenomics)	P-MTAB-67343	Jarno Wolters (Toxicogenomics)	Sample 8	group 3	PAIRED	PolyA	TRANSCRIPTOMIC	not applicable	RNA-Seq	100	0	5'-3'-3'-5'	P-MTAB-67341	Clincial Genetics department in Maastricht	Sample 8	sequencing assay	ERX2155113	Sample8_ACAACG_L008_R1_001.fastq.gz	Sample8_ACAACG_L008_R1_001.fastq.gz	ERR2097745	ftp://ftp.sra.ebi.ac.uk/vol1/fastq/ERR209/005/ERR2097745/ERR2097745_1.fastq.gz	200	101	none	0	  	EFO	UO_0000063	2	day	EFO	UO_0000033
Sample 8	ERS1875919	SAMEA104216901	Homo sapiens	liver	hepatocyte	mixed pool of Hu8119, Hu1591 and Hu1540 cell lines 	3	cell	P-MTAB-67339	Jarno Wolters (Toxicogenomics)	P-MTAB-67342	Jarno Wolters (Toxicogenomics)	P-MTAB-67340	Jarno Wolters (Toxicogenomics)	P-MTAB-67343	Jarno Wolters (Toxicogenomics)	Sample 8	group 3	PAIRED	PolyA	TRANSCRIPTOMIC	not applicable	RNA-Seq	100	0	5'-3'-3'-5'	P-MTAB-67341	Clincial Genetics department in Maastricht	Sample 8	sequencing assay	ERX2155113	Sample8_ACAACG_L008_R2_001.fastq.gz	Sample8_ACAACG_L008_R2_001.fastq.gz	ERR2097745	ftp://ftp.sra.ebi.ac.uk/vol1/fastq/ERR209/005/ERR2097745/ERR2097745_2.fastq.gz	200	101	none	0	  	EFO	UO_0000063	2	day	EFO	UO_0000033
Sample 9	ERS1875920	SAMEA104216902	Homo sapiens	liver	hepatocyte	mixed pool of Hu8119, Hu1591 and Hu1540 cell lines 	3	cell	P-MTAB-67339	Jarno Wolters (Toxicogenomics)	P-MTAB-67342	Jarno Wolters (Toxicogenomics)	P-MTAB-67340	Jarno Wolters (Toxicogenomics)	P-MTAB-67343	Jarno Wolters (Toxicogenomics)	Sample 9	group 3	PAIRED	PolyA	TRANSCRIPTOMIC	not applicable	RNA-Seq	100	0	5'-3'-3'-5'	P-MTAB-67341	Clincial Genetics department in Maastricht	Sample 9	sequencing assay	ERX2155114	Sample9_CAAGCA_L006_R1_001.fastq.gz	Sample9_CAAGCA_L006_R1_001.fastq.gz	ERR2097746	ftp://ftp.sra.ebi.ac.uk/vol1/fastq/ERR209/006/ERR2097746/ERR2097746_1.fastq.gz	200	101	none	0	  	EFO	UO_0000063	2	day	EFO	UO_0000033
Sample 9	ERS1875920	SAMEA104216902	Homo sapiens	liver	hepatocyte	mixed pool of Hu8119, Hu1591 and Hu1540 cell lines 	3	cell	P-MTAB-67339	Jarno Wolters (Toxicogenomics)	P-MTAB-67342	Jarno Wolters (Toxicogenomics)	P-MTAB-67340	Jarno Wolters (Toxicogenomics)	P-MTAB-67343	Jarno Wolters (Toxicogenomics)	Sample 9	group 3	PAIRED	PolyA	TRANSCRIPTOMIC	not applicable	RNA-Seq	100	0	5'-3'-3'-5'	P-MTAB-67341	Clincial Genetics department in Maastricht	Sample 9	sequencing assay	ERX2155114	Sample9_CAAGCA_L006_R2_001.fastq.gz	Sample9_CAAGCA_L006_R2_001.fastq.gz	ERR2097746	ftp://ftp.sra.ebi.ac.uk/vol1/fastq/ERR209/006/ERR2097746/ERR2097746_2.fastq.gz	200	101	none	0	  	EFO	UO_0000063	2	day	EFO	UO_0000033
Sample 9	ERS1875920	SAMEA104216902	Homo sapiens	liver	hepatocyte	mixed pool of Hu8119, Hu1591 and Hu1540 cell lines 	3	cell	P-MTAB-67339	Jarno Wolters (Toxicogenomics)	P-MTAB-67342	Jarno Wolters (Toxicogenomics)	P-MTAB-67340	Jarno Wolters (Toxicogenomics)	P-MTAB-67343	Jarno Wolters (Toxicogenomics)	Sample 9	group 3	PAIRED	PolyA	TRANSCRIPTOMIC	not applicable	RNA-Seq	100	0	5'-3'-3'-5'	P-MTAB-67341	Clincial Genetics department in Maastricht	Sample 9	sequencing assay	ERX2155114	Sample9_CAAGCA_L008_R1_001.fastq.gz	Sample9_CAAGCA_L008_R1_001.fastq.gz	ERR2097747	ftp://ftp.sra.ebi.ac.uk/vol1/fastq/ERR209/007/ERR2097747/ERR2097747_1.fastq.gz	200	101	none	0	  	EFO	UO_0000063	2	day	EFO	UO_0000033
Sample 9	ERS1875920	SAMEA104216902	Homo sapiens	liver	hepatocyte	mixed pool of Hu8119, Hu1591 and Hu1540 cell lines 	3	cell	P-MTAB-67339	Jarno Wolters (Toxicogenomics)	P-MTAB-67342	Jarno Wolters (Toxicogenomics)	P-MTAB-67340	Jarno Wolters (Toxicogenomics)	P-MTAB-67343	Jarno Wolters (Toxicogenomics)	Sample 9	group 3	PAIRED	PolyA	TRANSCRIPTOMIC	not applicable	RNA-Seq	100	0	5'-3'-3'-5'	P-MTAB-67341	Clincial Genetics department in Maastricht	Sample 9	sequencing assay	ERX2155114	Sample9_CAAGCA_L008_R2_001.fastq.gz	Sample9_CAAGCA_L008_R2_001.fastq.gz	ERR2097747	ftp://ftp.sra.ebi.ac.uk/vol1/fastq/ERR209/007/ERR2097747/ERR2097747_2.fastq.gz	200	101	none	0	  	EFO	UO_0000063	2	day	EFO	UO_0000033
Sample 10	ERS1875921	SAMEA104216903	Homo sapiens	liver	hepatocyte	mixed pool of Hu8119, Hu1591 and Hu1540 cell lines 	4	cell	P-MTAB-67339	Jarno Wolters (Toxicogenomics)	P-MTAB-67342	Jarno Wolters (Toxicogenomics)	P-MTAB-67340	Jarno Wolters (Toxicogenomics)	P-MTAB-67343	Jarno Wolters (Toxicogenomics)	Sample 10	group 4	PAIRED	PolyA	TRANSCRIPTOMIC	not applicable	RNA-Seq	100	0	5'-3'-3'-5'	P-MTAB-67341	Clincial Genetics department in Maastricht	Sample 10	sequencing assay	ERX2155115	Sample10_AGTTGA_L005_R1_001.fastq.gz	Sample10_AGTTGA_L005_R1_001.fastq.gz	ERR2097748	ftp://ftp.sra.ebi.ac.uk/vol1/fastq/ERR209/008/ERR2097748/ERR2097748_1.fastq.gz	200	101	valproic acid	15	millimolar	EFO	UO_0000063	2	day	EFO	UO_0000033
Sample 10	ERS1875921	SAMEA104216903	Homo sapiens	liver	hepatocyte	mixed pool of Hu8119, Hu1591 and Hu1540 cell lines 	4	cell	P-MTAB-67339	Jarno Wolters (Toxicogenomics)	P-MTAB-67342	Jarno Wolters (Toxicogenomics)	P-MTAB-67340	Jarno Wolters (Toxicogenomics)	P-MTAB-67343	Jarno Wolters (Toxicogenomics)	Sample 10	group 4	PAIRED	PolyA	TRANSCRIPTOMIC	not applicable	RNA-Seq	100	0	5'-3'-3'-5'	P-MTAB-67341	Clincial Genetics department in Maastricht	Sample 10	sequencing assay	ERX2155115	Sample10_AGTTGA_L005_R2_001.fastq.gz	Sample10_AGTTGA_L005_R2_001.fastq.gz	ERR2097748	ftp://ftp.sra.ebi.ac.uk/vol1/fastq/ERR209/008/ERR2097748/ERR2097748_2.fastq.gz	200	101	valproic acid	15	millimolar	EFO	UO_0000063	2	day	EFO	UO_0000033
Sample 10	ERS1875921	SAMEA104216903	Homo sapiens	liver	hepatocyte	mixed pool of Hu8119, Hu1591 and Hu1540 cell lines 	4	cell	P-MTAB-67339	Jarno Wolters (Toxicogenomics)	P-MTAB-67342	Jarno Wolters (Toxicogenomics)	P-MTAB-67340	Jarno Wolters (Toxicogenomics)	P-MTAB-67343	Jarno Wolters (Toxicogenomics)	Sample 10	group 4	PAIRED	PolyA	TRANSCRIPTOMIC	not applicable	RNA-Seq	100	0	5'-3'-3'-5'	P-MTAB-67341	Clincial Genetics department in Maastricht	Sample 10	sequencing assay	ERX2155115	Sample10_AGTTGA_L007_R1_001.fastq.gz	Sample10_AGTTGA_L007_R1_001.fastq.gz	ERR2097749	ftp://ftp.sra.ebi.ac.uk/vol1/fastq/ERR209/009/ERR2097749/ERR2097749_1.fastq.gz	200	101	valproic acid	15	millimolar	EFO	UO_0000063	2	day	EFO	UO_0000033
Sample 10	ERS1875921	SAMEA104216903	Homo sapiens	liver	hepatocyte	mixed pool of Hu8119, Hu1591 and Hu1540 cell lines 	4	cell	P-MTAB-67339	Jarno Wolters (Toxicogenomics)	P-MTAB-67342	Jarno Wolters (Toxicogenomics)	P-MTAB-67340	Jarno Wolters (Toxicogenomics)	P-MTAB-67343	Jarno Wolters (Toxicogenomics)	Sample 10	group 4	PAIRED	PolyA	TRANSCRIPTOMIC	not applicable	RNA-Seq	100	0	5'-3'-3'-5'	P-MTAB-67341	Clincial Genetics department in Maastricht	Sample 10	sequencing assay	ERX2155115	Sample10_AGTTGA_L007_R2_001.fastq.gz	Sample10_AGTTGA_L007_R2_001.fastq.gz	ERR2097749	ftp://ftp.sra.ebi.ac.uk/vol1/fastq/ERR209/009/ERR2097749/ERR2097749_2.fastq.gz	200	101	valproic acid	15	millimolar	EFO	UO_0000063	2	day	EFO	UO_0000033
Sample 11	ERS1875922	SAMEA104216904	Homo sapiens	liver	hepatocyte	mixed pool of Hu8119, Hu1591 and Hu1540 cell lines 	4	cell	P-MTAB-67339	Jarno Wolters (Toxicogenomics)	P-MTAB-67342	Jarno Wolters (Toxicogenomics)	P-MTAB-67340	Jarno Wolters (Toxicogenomics)	P-MTAB-67343	Jarno Wolters (Toxicogenomics)	Sample 11	group 4	PAIRED	PolyA	TRANSCRIPTOMIC	not applicable	RNA-Seq	100	0	5'-3'-3'-5'	P-MTAB-67341	Clincial Genetics department in Maastricht	Sample 11	sequencing assay	ERX2155116	Sample11_CGGTTA_L005_R1_001.fastq.gz	Sample11_CGGTTA_L005_R1_001.fastq.gz	ERR2097750	ftp://ftp.sra.ebi.ac.uk/vol1/fastq/ERR209/000/ERR2097750/ERR2097750_1.fastq.gz	200	101	valproic acid	15	millimolar	EFO	UO_0000063	2	day	EFO	UO_0000033
Sample 11	ERS1875922	SAMEA104216904	Homo sapiens	liver	hepatocyte	mixed pool of Hu8119, Hu1591 and Hu1540 cell lines 	4	cell	P-MTAB-67339	Jarno Wolters (Toxicogenomics)	P-MTAB-67342	Jarno Wolters (Toxicogenomics)	P-MTAB-67340	Jarno Wolters (Toxicogenomics)	P-MTAB-67343	Jarno Wolters (Toxicogenomics)	Sample 11	group 4	PAIRED	PolyA	TRANSCRIPTOMIC	not applicable	RNA-Seq	100	0	5'-3'-3'-5'	P-MTAB-67341	Clincial Genetics department in Maastricht	Sample 11	sequencing assay	ERX2155116	Sample11_CGGTTA_L005_R2_001.fastq.gz	Sample11_CGGTTA_L005_R2_001.fastq.gz	ERR2097750	ftp://ftp.sra.ebi.ac.uk/vol1/fastq/ERR209/000/ERR2097750/ERR2097750_2.fastq.gz	200	101	valproic acid	15	millimolar	EFO	UO_0000063	2	day	EFO	UO_0000033
Sample 11	ERS1875922	SAMEA104216904	Homo sapiens	liver	hepatocyte	mixed pool of Hu8119, Hu1591 and Hu1540 cell lines 	4	cell	P-MTAB-67339	Jarno Wolters (Toxicogenomics)	P-MTAB-67342	Jarno Wolters (Toxicogenomics)	P-MTAB-67340	Jarno Wolters (Toxicogenomics)	P-MTAB-67343	Jarno Wolters (Toxicogenomics)	Sample 11	group 4	PAIRED	PolyA	TRANSCRIPTOMIC	not applicable	RNA-Seq	100	0	5'-3'-3'-5'	P-MTAB-67341	Clincial Genetics department in Maastricht	Sample 11	sequencing assay	ERX2155116	Sample11_CGGTTA_L007_R1_001.fastq.gz	Sample11_CGGTTA_L007_R1_001.fastq.gz	ERR2097751	ftp://ftp.sra.ebi.ac.uk/vol1/fastq/ERR209/001/ERR2097751/ERR2097751_1.fastq.gz	200	101	valproic acid	15	millimolar	EFO	UO_0000063	2	day	EFO	UO_0000033
Sample 11	ERS1875922	SAMEA104216904	Homo sapiens	liver	hepatocyte	mixed pool of Hu8119, Hu1591 and Hu1540 cell lines 	4	cell	P-MTAB-67339	Jarno Wolters (Toxicogenomics)	P-MTAB-67342	Jarno Wolters (Toxicogenomics)	P-MTAB-67340	Jarno Wolters (Toxicogenomics)	P-MTAB-67343	Jarno Wolters (Toxicogenomics)	Sample 11	group 4	PAIRED	PolyA	TRANSCRIPTOMIC	not applicable	RNA-Seq	100	0	5'-3'-3'-5'	P-MTAB-67341	Clincial Genetics department in Maastricht	Sample 11	sequencing assay	ERX2155116	Sample11_CGGTTA_L007_R2_001.fastq.gz	Sample11_CGGTTA_L007_R2_001.fastq.gz	ERR2097751	ftp://ftp.sra.ebi.ac.uk/vol1/fastq/ERR209/001/ERR2097751/ERR2097751_2.fastq.gz	200	101	valproic acid	15	millimolar	EFO	UO_0000063	2	day	EFO	UO_0000033
Sample 12	ERS1875923	SAMEA104216905	Homo sapiens	liver	hepatocyte	mixed pool of Hu8119, Hu1591 and Hu1540 cell lines 	4	cell	P-MTAB-67339	Jarno Wolters (Toxicogenomics)	P-MTAB-67342	Jarno Wolters (Toxicogenomics)	P-MTAB-67340	Jarno Wolters (Toxicogenomics)	P-MTAB-67343	Jarno Wolters (Toxicogenomics)	Sample 12	group 4	PAIRED	PolyA	TRANSCRIPTOMIC	not applicable	RNA-Seq	100	0	5'-3'-3'-5'	P-MTAB-67341	Clincial Genetics department in Maastricht	Sample 12	sequencing assay	ERX2155117	Sample12_CACACT_L006_R1_001.fastq.gz	Sample12_CACACT_L006_R1_001.fastq.gz	ERR2097752	ftp://ftp.sra.ebi.ac.uk/vol1/fastq/ERR209/002/ERR2097752/ERR2097752_1.fastq.gz	200	101	valproic acid	15	millimolar	EFO	UO_0000063	2	day	EFO	UO_0000033
Sample 12	ERS1875923	SAMEA104216905	Homo sapiens	liver	hepatocyte	mixed pool of Hu8119, Hu1591 and Hu1540 cell lines 	4	cell	P-MTAB-67339	Jarno Wolters (Toxicogenomics)	P-MTAB-67342	Jarno Wolters (Toxicogenomics)	P-MTAB-67340	Jarno Wolters (Toxicogenomics)	P-MTAB-67343	Jarno Wolters (Toxicogenomics)	Sample 12	group 4	PAIRED	PolyA	TRANSCRIPTOMIC	not applicable	RNA-Seq	100	0	5'-3'-3'-5'	P-MTAB-67341	Clincial Genetics department in Maastricht	Sample 12	sequencing assay	ERX2155117	Sample12_CACACT_L006_R2_001.fastq.gz	Sample12_CACACT_L006_R2_001.fastq.gz	ERR2097752	ftp://ftp.sra.ebi.ac.uk/vol1/fastq/ERR209/002/ERR2097752/ERR2097752_2.fastq.gz	200	101	valproic acid	15	millimolar	EFO	UO_0000063	2	day	EFO	UO_0000033
Sample 12	ERS1875923	SAMEA104216905	Homo sapiens	liver	hepatocyte	mixed pool of Hu8119, Hu1591 and Hu1540 cell lines 	4	cell	P-MTAB-67339	Jarno Wolters (Toxicogenomics)	P-MTAB-67342	Jarno Wolters (Toxicogenomics)	P-MTAB-67340	Jarno Wolters (Toxicogenomics)	P-MTAB-67343	Jarno Wolters (Toxicogenomics)	Sample 12	group 4	PAIRED	PolyA	TRANSCRIPTOMIC	not applicable	RNA-Seq	100	0	5'-3'-3'-5'	P-MTAB-67341	Clincial Genetics department in Maastricht	Sample 12	sequencing assay	ERX2155117	Sample12_CACACT_L008_R1_001.fastq.gz	Sample12_CACACT_L008_R1_001.fastq.gz	ERR2097753	ftp://ftp.sra.ebi.ac.uk/vol1/fastq/ERR209/003/ERR2097753/ERR2097753_1.fastq.gz	200	101	valproic acid	15	millimolar	EFO	UO_0000063	2	day	EFO	UO_0000033
Sample 12	ERS1875923	SAMEA104216905	Homo sapiens	liver	hepatocyte	mixed pool of Hu8119, Hu1591 and Hu1540 cell lines 	4	cell	P-MTAB-67339	Jarno Wolters (Toxicogenomics)	P-MTAB-67342	Jarno Wolters (Toxicogenomics)	P-MTAB-67340	Jarno Wolters (Toxicogenomics)	P-MTAB-67343	Jarno Wolters (Toxicogenomics)	Sample 12	group 4	PAIRED	PolyA	TRANSCRIPTOMIC	not applicable	RNA-Seq	100	0	5'-3'-3'-5'	P-MTAB-67341	Clincial Genetics department in Maastricht	Sample 12	sequencing assay	ERX2155117	Sample12_CACACT_L008_R2_001.fastq.gz	Sample12_CACACT_L008_R2_001.fastq.gz	ERR2097753	ftp://ftp.sra.ebi.ac.uk/vol1/fastq/ERR209/003/ERR2097753/ERR2097753_2.fastq.gz	200	101	valproic acid	15	millimolar	EFO	UO_0000063	2	day	EFO	UO_0000033
Sample 13	ERS1875924	SAMEA104216906	Homo sapiens	liver	hepatocyte	mixed pool of Hu8119, Hu1591 and Hu1540 cell lines 	5	cell	P-MTAB-67339	Jarno Wolters (Toxicogenomics)	P-MTAB-67342	Jarno Wolters (Toxicogenomics)	P-MTAB-67340	Jarno Wolters (Toxicogenomics)	P-MTAB-67343	Jarno Wolters (Toxicogenomics)	Sample 13	group 5	PAIRED	PolyA	TRANSCRIPTOMIC	not applicable	RNA-Seq	100	0	5'-3'-3'-5'	P-MTAB-67341	Clincial Genetics department in Maastricht	Sample 13	sequencing assay	ERX2155118	Sample13_AGGCAT_L005_R1_001.fastq.gz	Sample13_AGGCAT_L005_R1_001.fastq.gz	ERR2097754	ftp://ftp.sra.ebi.ac.uk/vol1/fastq/ERR209/004/ERR2097754/ERR2097754_1.fastq.gz	200	101	none	0	  	EFO	UO_0000063	3	day	EFO	UO_0000033
Sample 13	ERS1875924	SAMEA104216906	Homo sapiens	liver	hepatocyte	mixed pool of Hu8119, Hu1591 and Hu1540 cell lines 	5	cell	P-MTAB-67339	Jarno Wolters (Toxicogenomics)	P-MTAB-67342	Jarno Wolters (Toxicogenomics)	P-MTAB-67340	Jarno Wolters (Toxicogenomics)	P-MTAB-67343	Jarno Wolters (Toxicogenomics)	Sample 13	group 5	PAIRED	PolyA	TRANSCRIPTOMIC	not applicable	RNA-Seq	100	0	5'-3'-3'-5'	P-MTAB-67341	Clincial Genetics department in Maastricht	Sample 13	sequencing assay	ERX2155118	Sample13_AGGCAT_L005_R2_001.fastq.gz	Sample13_AGGCAT_L005_R2_001.fastq.gz	ERR2097754	ftp://ftp.sra.ebi.ac.uk/vol1/fastq/ERR209/004/ERR2097754/ERR2097754_2.fastq.gz	200	101	none	0	  	EFO	UO_0000063	3	day	EFO	UO_0000033
Sample 13	ERS1875924	SAMEA104216906	Homo sapiens	liver	hepatocyte	mixed pool of Hu8119, Hu1591 and Hu1540 cell lines 	5	cell	P-MTAB-67339	Jarno Wolters (Toxicogenomics)	P-MTAB-67342	Jarno Wolters (Toxicogenomics)	P-MTAB-67340	Jarno Wolters (Toxicogenomics)	P-MTAB-67343	Jarno Wolters (Toxicogenomics)	Sample 13	group 5	PAIRED	PolyA	TRANSCRIPTOMIC	not applicable	RNA-Seq	100	0	5'-3'-3'-5'	P-MTAB-67341	Clincial Genetics department in Maastricht	Sample 13	sequencing assay	ERX2155118	Sample13_AGGCAT_L007_R1_001.fastq.gz	Sample13_AGGCAT_L007_R1_001.fastq.gz	ERR2097755	ftp://ftp.sra.ebi.ac.uk/vol1/fastq/ERR209/005/ERR2097755/ERR2097755_1.fastq.gz	200	101	none	0	  	EFO	UO_0000063	3	day	EFO	UO_0000033
Sample 13	ERS1875924	SAMEA104216906	Homo sapiens	liver	hepatocyte	mixed pool of Hu8119, Hu1591 and Hu1540 cell lines 	5	cell	P-MTAB-67339	Jarno Wolters (Toxicogenomics)	P-MTAB-67342	Jarno Wolters (Toxicogenomics)	P-MTAB-67340	Jarno Wolters (Toxicogenomics)	P-MTAB-67343	Jarno Wolters (Toxicogenomics)	Sample 13	group 5	PAIRED	PolyA	TRANSCRIPTOMIC	not applicable	RNA-Seq	100	0	5'-3'-3'-5'	P-MTAB-67341	Clincial Genetics department in Maastricht	Sample 13	sequencing assay	ERX2155118	Sample13_AGGCAT_L007_R2_001.fastq.gz	Sample13_AGGCAT_L007_R2_001.fastq.gz	ERR2097755	ftp://ftp.sra.ebi.ac.uk/vol1/fastq/ERR209/005/ERR2097755/ERR2097755_2.fastq.gz	200	101	none	0	  	EFO	UO_0000063	3	day	EFO	UO_0000033
Sample 14	ERS1875925	SAMEA104216907	Homo sapiens	liver	hepatocyte	mixed pool of Hu8119, Hu1591 and Hu1540 cell lines 	5	cell	P-MTAB-67339	Jarno Wolters (Toxicogenomics)	P-MTAB-67342	Jarno Wolters (Toxicogenomics)	P-MTAB-67340	Jarno Wolters (Toxicogenomics)	P-MTAB-67343	Jarno Wolters (Toxicogenomics)	Sample 14	group 5	PAIRED	PolyA	TRANSCRIPTOMIC	not applicable	RNA-Seq	100	0	5'-3'-3'-5'	P-MTAB-67341	Clincial Genetics department in Maastricht	Sample 14	sequencing assay	ERX2155119	Sample14_GCGCTG_L005_R1_001.fastq.gz	Sample14_GCGCTG_L005_R1_001.fastq.gz	ERR2097756	ftp://ftp.sra.ebi.ac.uk/vol1/fastq/ERR209/006/ERR2097756/ERR2097756_1.fastq.gz	200	101	none	0	  	EFO	UO_0000063	3	day	EFO	UO_0000033
Sample 14	ERS1875925	SAMEA104216907	Homo sapiens	liver	hepatocyte	mixed pool of Hu8119, Hu1591 and Hu1540 cell lines 	5	cell	P-MTAB-67339	Jarno Wolters (Toxicogenomics)	P-MTAB-67342	Jarno Wolters (Toxicogenomics)	P-MTAB-67340	Jarno Wolters (Toxicogenomics)	P-MTAB-67343	Jarno Wolters (Toxicogenomics)	Sample 14	group 5	PAIRED	PolyA	TRANSCRIPTOMIC	not applicable	RNA-Seq	100	0	5'-3'-3'-5'	P-MTAB-67341	Clincial Genetics department in Maastricht	Sample 14	sequencing assay	ERX2155119	Sample14_GCGCTG_L005_R2_001.fastq.gz	Sample14_GCGCTG_L005_R2_001.fastq.gz	ERR2097756	ftp://ftp.sra.ebi.ac.uk/vol1/fastq/ERR209/006/ERR2097756/ERR2097756_2.fastq.gz	200	101	none	0	  	EFO	UO_0000063	3	day	EFO	UO_0000033
Sample 14	ERS1875925	SAMEA104216907	Homo sapiens	liver	hepatocyte	mixed pool of Hu8119, Hu1591 and Hu1540 cell lines 	5	cell	P-MTAB-67339	Jarno Wolters (Toxicogenomics)	P-MTAB-67342	Jarno Wolters (Toxicogenomics)	P-MTAB-67340	Jarno Wolters (Toxicogenomics)	P-MTAB-67343	Jarno Wolters (Toxicogenomics)	Sample 14	group 5	PAIRED	PolyA	TRANSCRIPTOMIC	not applicable	RNA-Seq	100	0	5'-3'-3'-5'	P-MTAB-67341	Clincial Genetics department in Maastricht	Sample 14	sequencing assay	ERX2155119	Sample14_GCGCTG_L007_R1_001.fastq.gz	Sample14_GCGCTG_L007_R1_001.fastq.gz	ERR2097757	ftp://ftp.sra.ebi.ac.uk/vol1/fastq/ERR209/007/ERR2097757/ERR2097757_1.fastq.gz	200	101	none	0	  	EFO	UO_0000063	3	day	EFO	UO_0000033
Sample 14	ERS1875925	SAMEA104216907	Homo sapiens	liver	hepatocyte	mixed pool of Hu8119, Hu1591 and Hu1540 cell lines 	5	cell	P-MTAB-67339	Jarno Wolters (Toxicogenomics)	P-MTAB-67342	Jarno Wolters (Toxicogenomics)	P-MTAB-67340	Jarno Wolters (Toxicogenomics)	P-MTAB-67343	Jarno Wolters (Toxicogenomics)	Sample 14	group 5	PAIRED	PolyA	TRANSCRIPTOMIC	not applicable	RNA-Seq	100	0	5'-3'-3'-5'	P-MTAB-67341	Clincial Genetics department in Maastricht	Sample 14	sequencing assay	ERX2155119	Sample14_GCGCTG_L007_R2_001.fastq.gz	Sample14_GCGCTG_L007_R2_001.fastq.gz	ERR2097757	ftp://ftp.sra.ebi.ac.uk/vol1/fastq/ERR209/007/ERR2097757/ERR2097757_2.fastq.gz	200	101	none	0	  	EFO	UO_0000063	3	day	EFO	UO_0000033
Sample 15	ERS1875926	SAMEA104216908	Homo sapiens	liver	hepatocyte	mixed pool of Hu8119, Hu1591 and Hu1540 cell lines 	5	cell	P-MTAB-67339	Jarno Wolters (Toxicogenomics)	P-MTAB-67342	Jarno Wolters (Toxicogenomics)	P-MTAB-67340	Jarno Wolters (Toxicogenomics)	P-MTAB-67343	Jarno Wolters (Toxicogenomics)	Sample 15	group 5	PAIRED	PolyA	TRANSCRIPTOMIC	not applicable	RNA-Seq	100	0	5'-3'-3'-5'	P-MTAB-67341	Clincial Genetics department in Maastricht	Sample 15	sequencing assay	ERX2155120	Sample15_TGGATT_L006_R1_001.fastq.gz	Sample15_TGGATT_L006_R1_001.fastq.gz	ERR2097758	ftp://ftp.sra.ebi.ac.uk/vol1/fastq/ERR209/008/ERR2097758/ERR2097758_1.fastq.gz	200	101	none	0	  	EFO	UO_0000063	3	day	EFO	UO_0000033
Sample 15	ERS1875926	SAMEA104216908	Homo sapiens	liver	hepatocyte	mixed pool of Hu8119, Hu1591 and Hu1540 cell lines 	5	cell	P-MTAB-67339	Jarno Wolters (Toxicogenomics)	P-MTAB-67342	Jarno Wolters (Toxicogenomics)	P-MTAB-67340	Jarno Wolters (Toxicogenomics)	P-MTAB-67343	Jarno Wolters (Toxicogenomics)	Sample 15	group 5	PAIRED	PolyA	TRANSCRIPTOMIC	not applicable	RNA-Seq	100	0	5'-3'-3'-5'	P-MTAB-67341	Clincial Genetics department in Maastricht	Sample 15	sequencing assay	ERX2155120	Sample15_TGGATT_L006_R2_001.fastq.gz	Sample15_TGGATT_L006_R2_001.fastq.gz	ERR2097758	ftp://ftp.sra.ebi.ac.uk/vol1/fastq/ERR209/008/ERR2097758/ERR2097758_2.fastq.gz	200	101	none	0	  	EFO	UO_0000063	3	day	EFO	UO_0000033
Sample 15	ERS1875926	SAMEA104216908	Homo sapiens	liver	hepatocyte	mixed pool of Hu8119, Hu1591 and Hu1540 cell lines 	5	cell	P-MTAB-67339	Jarno Wolters (Toxicogenomics)	P-MTAB-67342	Jarno Wolters (Toxicogenomics)	P-MTAB-67340	Jarno Wolters (Toxicogenomics)	P-MTAB-67343	Jarno Wolters (Toxicogenomics)	Sample 15	group 5	PAIRED	PolyA	TRANSCRIPTOMIC	not applicable	RNA-Seq	100	0	5'-3'-3'-5'	P-MTAB-67341	Clincial Genetics department in Maastricht	Sample 15	sequencing assay	ERX2155120	Sample15_TGGATT_L008_R1_001.fastq.gz	Sample15_TGGATT_L008_R1_001.fastq.gz	ERR2097759	ftp://ftp.sra.ebi.ac.uk/vol1/fastq/ERR209/009/ERR2097759/ERR2097759_1.fastq.gz	200	101	none	0	  	EFO	UO_0000063	3	day	EFO	UO_0000033
Sample 15	ERS1875926	SAMEA104216908	Homo sapiens	liver	hepatocyte	mixed pool of Hu8119, Hu1591 and Hu1540 cell lines 	5	cell	P-MTAB-67339	Jarno Wolters (Toxicogenomics)	P-MTAB-67342	Jarno Wolters (Toxicogenomics)	P-MTAB-67340	Jarno Wolters (Toxicogenomics)	P-MTAB-67343	Jarno Wolters (Toxicogenomics)	Sample 15	group 5	PAIRED	PolyA	TRANSCRIPTOMIC	not applicable	RNA-Seq	100	0	5'-3'-3'-5'	P-MTAB-67341	Clincial Genetics department in Maastricht	Sample 15	sequencing assay	ERX2155120	Sample15_TGGATT_L008_R2_001.fastq.gz	Sample15_TGGATT_L008_R2_001.fastq.gz	ERR2097759	ftp://ftp.sra.ebi.ac.uk/vol1/fastq/ERR209/009/ERR2097759/ERR2097759_2.fastq.gz	200	101	none	0	  	EFO	UO_0000063	3	day	EFO	UO_0000033
Sample 16	ERS1875927	SAMEA104216909	Homo sapiens	liver	hepatocyte	mixed pool of Hu8119, Hu1591 and Hu1540 cell lines 	6	cell	P-MTAB-67339	Jarno Wolters (Toxicogenomics)	P-MTAB-67342	Jarno Wolters (Toxicogenomics)	P-MTAB-67340	Jarno Wolters (Toxicogenomics)	P-MTAB-67343	Jarno Wolters (Toxicogenomics)	Sample 16	group 6	PAIRED	PolyA	TRANSCRIPTOMIC	not applicable	RNA-Seq	100	0	5'-3'-3'-5'	P-MTAB-67341	Clincial Genetics department in Maastricht	Sample 16	sequencing assay	ERX2155121	Sample16_GAAGTG_L005_R1_001.fastq.gz	Sample16_GAAGTG_L005_R1_001.fastq.gz	ERR2097760	ftp://ftp.sra.ebi.ac.uk/vol1/fastq/ERR209/000/ERR2097760/ERR2097760_1.fastq.gz	200	101	valproic acid	15	millimolar	EFO	UO_0000063	3	day	EFO	UO_0000033
Sample 16	ERS1875927	SAMEA104216909	Homo sapiens	liver	hepatocyte	mixed pool of Hu8119, Hu1591 and Hu1540 cell lines 	6	cell	P-MTAB-67339	Jarno Wolters (Toxicogenomics)	P-MTAB-67342	Jarno Wolters (Toxicogenomics)	P-MTAB-67340	Jarno Wolters (Toxicogenomics)	P-MTAB-67343	Jarno Wolters (Toxicogenomics)	Sample 16	group 6	PAIRED	PolyA	TRANSCRIPTOMIC	not applicable	RNA-Seq	100	0	5'-3'-3'-5'	P-MTAB-67341	Clincial Genetics department in Maastricht	Sample 16	sequencing assay	ERX2155121	Sample16_GAAGTG_L005_R2_001.fastq.gz	Sample16_GAAGTG_L005_R2_001.fastq.gz	ERR2097760	ftp://ftp.sra.ebi.ac.uk/vol1/fastq/ERR209/000/ERR2097760/ERR2097760_2.fastq.gz	200	101	valproic acid	15	millimolar	EFO	UO_0000063	3	day	EFO	UO_0000033
Sample 16	ERS1875927	SAMEA104216909	Homo sapiens	liver	hepatocyte	mixed pool of Hu8119, Hu1591 and Hu1540 cell lines 	6	cell	P-MTAB-67339	Jarno Wolters (Toxicogenomics)	P-MTAB-67342	Jarno Wolters (Toxicogenomics)	P-MTAB-67340	Jarno Wolters (Toxicogenomics)	P-MTAB-67343	Jarno Wolters (Toxicogenomics)	Sample 16	group 6	PAIRED	PolyA	TRANSCRIPTOMIC	not applicable	RNA-Seq	100	0	5'-3'-3'-5'	P-MTAB-67341	Clincial Genetics department in Maastricht	Sample 16	sequencing assay	ERX2155121	Sample16_GAAGTG_L007_R1_001.fastq.gz	Sample16_GAAGTG_L007_R1_001.fastq.gz	ERR2097761	ftp://ftp.sra.ebi.ac.uk/vol1/fastq/ERR209/001/ERR2097761/ERR2097761_1.fastq.gz	200	101	valproic acid	15	millimolar	EFO	UO_0000063	3	day	EFO	UO_0000033
Sample 16	ERS1875927	SAMEA104216909	Homo sapiens	liver	hepatocyte	mixed pool of Hu8119, Hu1591 and Hu1540 cell lines 	6	cell	P-MTAB-67339	Jarno Wolters (Toxicogenomics)	P-MTAB-67342	Jarno Wolters (Toxicogenomics)	P-MTAB-67340	Jarno Wolters (Toxicogenomics)	P-MTAB-67343	Jarno Wolters (Toxicogenomics)	Sample 16	group 6	PAIRED	PolyA	TRANSCRIPTOMIC	not applicable	RNA-Seq	100	0	5'-3'-3'-5'	P-MTAB-67341	Clincial Genetics department in Maastricht	Sample 16	sequencing assay	ERX2155121	Sample16_GAAGTG_L007_R2_001.fastq.gz	Sample16_GAAGTG_L007_R2_001.fastq.gz	ERR2097761	ftp://ftp.sra.ebi.ac.uk/vol1/fastq/ERR209/001/ERR2097761/ERR2097761_2.fastq.gz	200	101	valproic acid	15	millimolar	EFO	UO_0000063	3	day	EFO	UO_0000033
Sample 17	ERS1875928	SAMEA104216910	Homo sapiens	liver	hepatocyte	mixed pool of Hu8119, Hu1591 and Hu1540 cell lines 	6	cell	P-MTAB-67339	Jarno Wolters (Toxicogenomics)	P-MTAB-67342	Jarno Wolters (Toxicogenomics)	P-MTAB-67340	Jarno Wolters (Toxicogenomics)	P-MTAB-67343	Jarno Wolters (Toxicogenomics)	Sample 17	group 6	PAIRED	PolyA	TRANSCRIPTOMIC	not applicable	RNA-Seq	100	0	5'-3'-3'-5'	P-MTAB-67341	Clincial Genetics department in Maastricht	Sample 17	sequencing assay	ERX2155122	Sample17_AACCGA_L006_R1_001.fastq.gz	Sample17_AACCGA_L006_R1_001.fastq.gz	ERR2097762	ftp://ftp.sra.ebi.ac.uk/vol1/fastq/ERR209/002/ERR2097762/ERR2097762_1.fastq.gz	200	101	valproic acid	15	millimolar	EFO	UO_0000063	3	day	EFO	UO_0000033
Sample 17	ERS1875928	SAMEA104216910	Homo sapiens	liver	hepatocyte	mixed pool of Hu8119, Hu1591 and Hu1540 cell lines 	6	cell	P-MTAB-67339	Jarno Wolters (Toxicogenomics)	P-MTAB-67342	Jarno Wolters (Toxicogenomics)	P-MTAB-67340	Jarno Wolters (Toxicogenomics)	P-MTAB-67343	Jarno Wolters (Toxicogenomics)	Sample 17	group 6	PAIRED	PolyA	TRANSCRIPTOMIC	not applicable	RNA-Seq	100	0	5'-3'-3'-5'	P-MTAB-67341	Clincial Genetics department in Maastricht	Sample 17	sequencing assay	ERX2155122	Sample17_AACCGA_L006_R2_001.fastq.gz	Sample17_AACCGA_L006_R2_001.fastq.gz	ERR2097762	ftp://ftp.sra.ebi.ac.uk/vol1/fastq/ERR209/002/ERR2097762/ERR2097762_2.fastq.gz	200	101	valproic acid	15	millimolar	EFO	UO_0000063	3	day	EFO	UO_0000033
Sample 17	ERS1875928	SAMEA104216910	Homo sapiens	liver	hepatocyte	mixed pool of Hu8119, Hu1591 and Hu1540 cell lines 	6	cell	P-MTAB-67339	Jarno Wolters (Toxicogenomics)	P-MTAB-67342	Jarno Wolters (Toxicogenomics)	P-MTAB-67340	Jarno Wolters (Toxicogenomics)	P-MTAB-67343	Jarno Wolters (Toxicogenomics)	Sample 17	group 6	PAIRED	PolyA	TRANSCRIPTOMIC	not applicable	RNA-Seq	100	0	5'-3'-3'-5'	P-MTAB-67341	Clincial Genetics department in Maastricht	Sample 17	sequencing assay	ERX2155122	Sample17_AACCGA_L008_R1_001.fastq.gz	Sample17_AACCGA_L008_R1_001.fastq.gz	ERR2097763	ftp://ftp.sra.ebi.ac.uk/vol1/fastq/ERR209/003/ERR2097763/ERR2097763_1.fastq.gz	200	101	valproic acid	15	millimolar	EFO	UO_0000063	3	day	EFO	UO_0000033
Sample 17	ERS1875928	SAMEA104216910	Homo sapiens	liver	hepatocyte	mixed pool of Hu8119, Hu1591 and Hu1540 cell lines 	6	cell	P-MTAB-67339	Jarno Wolters (Toxicogenomics)	P-MTAB-67342	Jarno Wolters (Toxicogenomics)	P-MTAB-67340	Jarno Wolters (Toxicogenomics)	P-MTAB-67343	Jarno Wolters (Toxicogenomics)	Sample 17	group 6	PAIRED	PolyA	TRANSCRIPTOMIC	not applicable	RNA-Seq	100	0	5'-3'-3'-5'	P-MTAB-67341	Clincial Genetics department in Maastricht	Sample 17	sequencing assay	ERX2155122	Sample17_AACCGA_L008_R2_001.fastq.gz	Sample17_AACCGA_L008_R2_001.fastq.gz	ERR2097763	ftp://ftp.sra.ebi.ac.uk/vol1/fastq/ERR209/003/ERR2097763/ERR2097763_2.fastq.gz	200	101	valproic acid	15	millimolar	EFO	UO_0000063	3	day	EFO	UO_0000033
Sample 18	ERS1875929	SAMEA104216911	Homo sapiens	liver	hepatocyte	mixed pool of Hu8119, Hu1591 and Hu1540 cell lines 	6	cell	P-MTAB-67339	Jarno Wolters (Toxicogenomics)	P-MTAB-67342	Jarno Wolters (Toxicogenomics)	P-MTAB-67340	Jarno Wolters (Toxicogenomics)	P-MTAB-67343	Jarno Wolters (Toxicogenomics)	Sample 18	group 6	PAIRED	PolyA	TRANSCRIPTOMIC	not applicable	RNA-Seq	100	0	5'-3'-3'-5'	P-MTAB-67341	Clincial Genetics department in Maastricht	Sample 18	sequencing assay	ERX2155123	Sample18_GCGAAT_L006_R1_001.fastq.gz	Sample18_GCGAAT_L006_R1_001.fastq.gz	ERR2097764	ftp://ftp.sra.ebi.ac.uk/vol1/fastq/ERR209/004/ERR2097764/ERR2097764_1.fastq.gz	200	101	valproic acid	15	millimolar	EFO	UO_0000063	3	day	EFO	UO_0000033
Sample 18	ERS1875929	SAMEA104216911	Homo sapiens	liver	hepatocyte	mixed pool of Hu8119, Hu1591 and Hu1540 cell lines 	6	cell	P-MTAB-67339	Jarno Wolters (Toxicogenomics)	P-MTAB-67342	Jarno Wolters (Toxicogenomics)	P-MTAB-67340	Jarno Wolters (Toxicogenomics)	P-MTAB-67343	Jarno Wolters (Toxicogenomics)	Sample 18	group 6	PAIRED	PolyA	TRANSCRIPTOMIC	not applicable	RNA-Seq	100	0	5'-3'-3'-5'	P-MTAB-67341	Clincial Genetics department in Maastricht	Sample 18	sequencing assay	ERX2155123	Sample18_GCGAAT_L006_R2_001.fastq.gz	Sample18_GCGAAT_L006_R2_001.fastq.gz	ERR2097764	ftp://ftp.sra.ebi.ac.uk/vol1/fastq/ERR209/004/ERR2097764/ERR2097764_2.fastq.gz	200	101	valproic acid	15	millimolar	EFO	UO_0000063	3	day	EFO	UO_0000033
Sample 18	ERS1875929	SAMEA104216911	Homo sapiens	liver	hepatocyte	mixed pool of Hu8119, Hu1591 and Hu1540 cell lines 	6	cell	P-MTAB-67339	Jarno Wolters (Toxicogenomics)	P-MTAB-67342	Jarno Wolters (Toxicogenomics)	P-MTAB-67340	Jarno Wolters (Toxicogenomics)	P-MTAB-67343	Jarno Wolters (Toxicogenomics)	Sample 18	group 6	PAIRED	PolyA	TRANSCRIPTOMIC	not applicable	RNA-Seq	100	0	5'-3'-3'-5'	P-MTAB-67341	Clincial Genetics department in Maastricht	Sample 18	sequencing assay	ERX2155123	Sample18_GCGAAT_L008_R1_001.fastq.gz	Sample18_GCGAAT_L008_R1_001.fastq.gz	ERR2097765	ftp://ftp.sra.ebi.ac.uk/vol1/fastq/ERR209/005/ERR2097765/ERR2097765_1.fastq.gz	200	101	valproic acid	15	millimolar	EFO	UO_0000063	3	day	EFO	UO_0000033
Sample 18	ERS1875929	SAMEA104216911	Homo sapiens	liver	hepatocyte	mixed pool of Hu8119, Hu1591 and Hu1540 cell lines 	6	cell	P-MTAB-67339	Jarno Wolters (Toxicogenomics)	P-MTAB-67342	Jarno Wolters (Toxicogenomics)	P-MTAB-67340	Jarno Wolters (Toxicogenomics)	P-MTAB-67343	Jarno Wolters (Toxicogenomics)	Sample 18	group 6	PAIRED	PolyA	TRANSCRIPTOMIC	not applicable	RNA-Seq	100	0	5'-3'-3'-5'	P-MTAB-67341	Clincial Genetics department in Maastricht	Sample 18	sequencing assay	ERX2155123	Sample18_GCGAAT_L008_R2_001.fastq.gz	Sample18_GCGAAT_L008_R2_001.fastq.gz	ERR2097765	ftp://ftp.sra.ebi.ac.uk/vol1/fastq/ERR209/005/ERR2097765/ERR2097765_2.fastq.gz	200	101	valproic acid	15	millimolar	EFO	UO_0000063	3	day	EFO	UO_0000033
Sample 19	ERS1875930	SAMEA104216912	Homo sapiens	liver	hepatocyte	mixed pool of Hu8119, Hu1591 and Hu1540 cell lines 	7	cell	P-MTAB-67339	Jarno Wolters (Toxicogenomics)	P-MTAB-67342	Jarno Wolters (Toxicogenomics)	P-MTAB-67340	Jarno Wolters (Toxicogenomics)	P-MTAB-67343	Jarno Wolters (Toxicogenomics)	Sample 19	group 7	PAIRED	PolyA	TRANSCRIPTOMIC	not applicable	RNA-Seq	100	0	5'-3'-3'-5'	P-MTAB-67341	Clincial Genetics department in Maastricht	Sample 19	sequencing assay	ERX2155124	Sample19_AACAAG_L005_R1_001.fastq.gz	Sample19_AACAAG_L005_R1_001.fastq.gz	ERR2097766	ftp://ftp.sra.ebi.ac.uk/vol1/fastq/ERR209/006/ERR2097766/ERR2097766_1.fastq.gz	200	101	none	0	  	EFO	UO_0000063	6	day	EFO	UO_0000033
Sample 19	ERS1875930	SAMEA104216912	Homo sapiens	liver	hepatocyte	mixed pool of Hu8119, Hu1591 and Hu1540 cell lines 	7	cell	P-MTAB-67339	Jarno Wolters (Toxicogenomics)	P-MTAB-67342	Jarno Wolters (Toxicogenomics)	P-MTAB-67340	Jarno Wolters (Toxicogenomics)	P-MTAB-67343	Jarno Wolters (Toxicogenomics)	Sample 19	group 7	PAIRED	PolyA	TRANSCRIPTOMIC	not applicable	RNA-Seq	100	0	5'-3'-3'-5'	P-MTAB-67341	Clincial Genetics department in Maastricht	Sample 19	sequencing assay	ERX2155124	Sample19_AACAAG_L005_R2_001.fastq.gz	Sample19_AACAAG_L005_R2_001.fastq.gz	ERR2097766	ftp://ftp.sra.ebi.ac.uk/vol1/fastq/ERR209/006/ERR2097766/ERR2097766_2.fastq.gz	200	101	none	0	  	EFO	UO_0000063	6	day	EFO	UO_0000033
Sample 19	ERS1875930	SAMEA104216912	Homo sapiens	liver	hepatocyte	mixed pool of Hu8119, Hu1591 and Hu1540 cell lines 	7	cell	P-MTAB-67339	Jarno Wolters (Toxicogenomics)	P-MTAB-67342	Jarno Wolters (Toxicogenomics)	P-MTAB-67340	Jarno Wolters (Toxicogenomics)	P-MTAB-67343	Jarno Wolters (Toxicogenomics)	Sample 19	group 7	PAIRED	PolyA	TRANSCRIPTOMIC	not applicable	RNA-Seq	100	0	5'-3'-3'-5'	P-MTAB-67341	Clincial Genetics department in Maastricht	Sample 19	sequencing assay	ERX2155124	Sample19_AACAAG_L007_R1_001.fastq.gz	Sample19_AACAAG_L007_R1_001.fastq.gz	ERR2097767	ftp://ftp.sra.ebi.ac.uk/vol1/fastq/ERR209/007/ERR2097767/ERR2097767_1.fastq.gz	200	101	none	0	  	EFO	UO_0000063	6	day	EFO	UO_0000033
Sample 19	ERS1875930	SAMEA104216912	Homo sapiens	liver	hepatocyte	mixed pool of Hu8119, Hu1591 and Hu1540 cell lines 	7	cell	P-MTAB-67339	Jarno Wolters (Toxicogenomics)	P-MTAB-67342	Jarno Wolters (Toxicogenomics)	P-MTAB-67340	Jarno Wolters (Toxicogenomics)	P-MTAB-67343	Jarno Wolters (Toxicogenomics)	Sample 19	group 7	PAIRED	PolyA	TRANSCRIPTOMIC	not applicable	RNA-Seq	100	0	5'-3'-3'-5'	P-MTAB-67341	Clincial Genetics department in Maastricht	Sample 19	sequencing assay	ERX2155124	Sample19_AACAAG_L007_R2_001.fastq.gz	Sample19_AACAAG_L007_R2_001.fastq.gz	ERR2097767	ftp://ftp.sra.ebi.ac.uk/vol1/fastq/ERR209/007/ERR2097767/ERR2097767_2.fastq.gz	200	101	none	0	  	EFO	UO_0000063	6	day	EFO	UO_0000033
Sample 20	ERS1875931	SAMEA104216913	Homo sapiens	liver	hepatocyte	mixed pool of Hu8119, Hu1591 and Hu1540 cell lines 	7	cell	P-MTAB-67339	Jarno Wolters (Toxicogenomics)	P-MTAB-67342	Jarno Wolters (Toxicogenomics)	P-MTAB-67340	Jarno Wolters (Toxicogenomics)	P-MTAB-67343	Jarno Wolters (Toxicogenomics)	Sample 20	group 7	PAIRED	PolyA	TRANSCRIPTOMIC	not applicable	RNA-Seq	100	0	5'-3'-3'-5'	P-MTAB-67341	Clincial Genetics department in Maastricht	Sample 20	sequencing assay	ERX2155125	Sample20_CAACAG_L005_R1_001.fastq.gz	Sample20_CAACAG_L005_R1_001.fastq.gz	ERR2097768	ftp://ftp.sra.ebi.ac.uk/vol1/fastq/ERR209/008/ERR2097768/ERR2097768_1.fastq.gz	200	101	none	0	  	EFO	UO_0000063	6	day	EFO	UO_0000033
Sample 20	ERS1875931	SAMEA104216913	Homo sapiens	liver	hepatocyte	mixed pool of Hu8119, Hu1591 and Hu1540 cell lines 	7	cell	P-MTAB-67339	Jarno Wolters (Toxicogenomics)	P-MTAB-67342	Jarno Wolters (Toxicogenomics)	P-MTAB-67340	Jarno Wolters (Toxicogenomics)	P-MTAB-67343	Jarno Wolters (Toxicogenomics)	Sample 20	group 7	PAIRED	PolyA	TRANSCRIPTOMIC	not applicable	RNA-Seq	100	0	5'-3'-3'-5'	P-MTAB-67341	Clincial Genetics department in Maastricht	Sample 20	sequencing assay	ERX2155125	Sample20_CAACAG_L005_R2_001.fastq.gz	Sample20_CAACAG_L005_R2_001.fastq.gz	ERR2097768	ftp://ftp.sra.ebi.ac.uk/vol1/fastq/ERR209/008/ERR2097768/ERR2097768_2.fastq.gz	200	101	none	0	  	EFO	UO_0000063	6	day	EFO	UO_0000033
Sample 20	ERS1875931	SAMEA104216913	Homo sapiens	liver	hepatocyte	mixed pool of Hu8119, Hu1591 and Hu1540 cell lines 	7	cell	P-MTAB-67339	Jarno Wolters (Toxicogenomics)	P-MTAB-67342	Jarno Wolters (Toxicogenomics)	P-MTAB-67340	Jarno Wolters (Toxicogenomics)	P-MTAB-67343	Jarno Wolters (Toxicogenomics)	Sample 20	group 7	PAIRED	PolyA	TRANSCRIPTOMIC	not applicable	RNA-Seq	100	0	5'-3'-3'-5'	P-MTAB-67341	Clincial Genetics department in Maastricht	Sample 20	sequencing assay	ERX2155125	Sample20_CAACAG_L007_R1_001.fastq.gz	Sample20_CAACAG_L007_R1_001.fastq.gz	ERR2097769	ftp://ftp.sra.ebi.ac.uk/vol1/fastq/ERR209/009/ERR2097769/ERR2097769_1.fastq.gz	200	101	none	0	  	EFO	UO_0000063	6	day	EFO	UO_0000033
Sample 20	ERS1875931	SAMEA104216913	Homo sapiens	liver	hepatocyte	mixed pool of Hu8119, Hu1591 and Hu1540 cell lines 	7	cell	P-MTAB-67339	Jarno Wolters (Toxicogenomics)	P-MTAB-67342	Jarno Wolters (Toxicogenomics)	P-MTAB-67340	Jarno Wolters (Toxicogenomics)	P-MTAB-67343	Jarno Wolters (Toxicogenomics)	Sample 20	group 7	PAIRED	PolyA	TRANSCRIPTOMIC	not applicable	RNA-Seq	100	0	5'-3'-3'-5'	P-MTAB-67341	Clincial Genetics department in Maastricht	Sample 20	sequencing assay	ERX2155125	Sample20_CAACAG_L007_R2_001.fastq.gz	Sample20_CAACAG_L007_R2_001.fastq.gz	ERR2097769	ftp://ftp.sra.ebi.ac.uk/vol1/fastq/ERR209/009/ERR2097769/ERR2097769_2.fastq.gz	200	101	none	0	  	EFO	UO_0000063	6	day	EFO	UO_0000033
Sample 21	ERS1875932	SAMEA104216914	Homo sapiens	liver	hepatocyte	mixed pool of Hu8119, Hu1591 and Hu1540 cell lines 	7	cell	P-MTAB-67339	Jarno Wolters (Toxicogenomics)	P-MTAB-67342	Jarno Wolters (Toxicogenomics)	P-MTAB-67340	Jarno Wolters (Toxicogenomics)	P-MTAB-67343	Jarno Wolters (Toxicogenomics)	Sample 21	group 7	PAIRED	PolyA	TRANSCRIPTOMIC	not applicable	RNA-Seq	100	0	5'-3'-3'-5'	P-MTAB-67341	Clincial Genetics department in Maastricht	Sample 21	sequencing assay	ERX2155126	Sample21_TGGCGA_L006_R1_001.fastq.gz	Sample21_TGGCGA_L006_R1_001.fastq.gz	ERR2097770	ftp://ftp.sra.ebi.ac.uk/vol1/fastq/ERR209/000/ERR2097770/ERR2097770_1.fastq.gz	200	101	none	0	  	EFO	UO_0000063	6	day	EFO	UO_0000033
Sample 21	ERS1875932	SAMEA104216914	Homo sapiens	liver	hepatocyte	mixed pool of Hu8119, Hu1591 and Hu1540 cell lines 	7	cell	P-MTAB-67339	Jarno Wolters (Toxicogenomics)	P-MTAB-67342	Jarno Wolters (Toxicogenomics)	P-MTAB-67340	Jarno Wolters (Toxicogenomics)	P-MTAB-67343	Jarno Wolters (Toxicogenomics)	Sample 21	group 7	PAIRED	PolyA	TRANSCRIPTOMIC	not applicable	RNA-Seq	100	0	5'-3'-3'-5'	P-MTAB-67341	Clincial Genetics department in Maastricht	Sample 21	sequencing assay	ERX2155126	Sample21_TGGCGA_L006_R2_001.fastq.gz	Sample21_TGGCGA_L006_R2_001.fastq.gz	ERR2097770	ftp://ftp.sra.ebi.ac.uk/vol1/fastq/ERR209/000/ERR2097770/ERR2097770_2.fastq.gz	200	101	none	0	  	EFO	UO_0000063	6	day	EFO	UO_0000033
Sample 21	ERS1875932	SAMEA104216914	Homo sapiens	liver	hepatocyte	mixed pool of Hu8119, Hu1591 and Hu1540 cell lines 	7	cell	P-MTAB-67339	Jarno Wolters (Toxicogenomics)	P-MTAB-67342	Jarno Wolters (Toxicogenomics)	P-MTAB-67340	Jarno Wolters (Toxicogenomics)	P-MTAB-67343	Jarno Wolters (Toxicogenomics)	Sample 21	group 7	PAIRED	PolyA	TRANSCRIPTOMIC	not applicable	RNA-Seq	100	0	5'-3'-3'-5'	P-MTAB-67341	Clincial Genetics department in Maastricht	Sample 21	sequencing assay	ERX2155126	Sample21_TGGCGA_L008_R1_001.fastq.gz	Sample21_TGGCGA_L008_R1_001.fastq.gz	ERR2097771	ftp://ftp.sra.ebi.ac.uk/vol1/fastq/ERR209/001/ERR2097771/ERR2097771_1.fastq.gz	200	101	none	0	  	EFO	UO_0000063	6	day	EFO	UO_0000033
Sample 21	ERS1875932	SAMEA104216914	Homo sapiens	liver	hepatocyte	mixed pool of Hu8119, Hu1591 and Hu1540 cell lines 	7	cell	P-MTAB-67339	Jarno Wolters (Toxicogenomics)	P-MTAB-67342	Jarno Wolters (Toxicogenomics)	P-MTAB-67340	Jarno Wolters (Toxicogenomics)	P-MTAB-67343	Jarno Wolters (Toxicogenomics)	Sample 21	group 7	PAIRED	PolyA	TRANSCRIPTOMIC	not applicable	RNA-Seq	100	0	5'-3'-3'-5'	P-MTAB-67341	Clincial Genetics department in Maastricht	Sample 21	sequencing assay	ERX2155126	Sample21_TGGCGA_L008_R2_001.fastq.gz	Sample21_TGGCGA_L008_R2_001.fastq.gz	ERR2097771	ftp://ftp.sra.ebi.ac.uk/vol1/fastq/ERR209/001/ERR2097771/ERR2097771_2.fastq.gz	200	101	none	0	  	EFO	UO_0000063	6	day	EFO	UO_0000033
Sample 22	ERS1875933	SAMEA104216915	Homo sapiens	liver	hepatocyte	mixed pool of Hu8119, Hu1591 and Hu1540 cell lines 	8	cell	P-MTAB-67339	Jarno Wolters (Toxicogenomics)	P-MTAB-67342	Jarno Wolters (Toxicogenomics)	P-MTAB-67340	Jarno Wolters (Toxicogenomics)	P-MTAB-67343	Jarno Wolters (Toxicogenomics)	Sample 22	group 8	PAIRED	PolyA	TRANSCRIPTOMIC	not applicable	RNA-Seq	100	0	5'-3'-3'-5'	P-MTAB-67341	Clincial Genetics department in Maastricht	Sample 22	sequencing assay	ERX2155127	Sample22_TTGGTA_L005_R1_001.fastq.gz	Sample22_TTGGTA_L005_R1_001.fastq.gz	ERR2097772	ftp://ftp.sra.ebi.ac.uk/vol1/fastq/ERR209/002/ERR2097772/ERR2097772_1.fastq.gz	200	101	valproic acid	15	millimolar	EFO	UO_0000063	6	day	EFO	UO_0000033
Sample 22	ERS1875933	SAMEA104216915	Homo sapiens	liver	hepatocyte	mixed pool of Hu8119, Hu1591 and Hu1540 cell lines 	8	cell	P-MTAB-67339	Jarno Wolters (Toxicogenomics)	P-MTAB-67342	Jarno Wolters (Toxicogenomics)	P-MTAB-67340	Jarno Wolters (Toxicogenomics)	P-MTAB-67343	Jarno Wolters (Toxicogenomics)	Sample 22	group 8	PAIRED	PolyA	TRANSCRIPTOMIC	not applicable	RNA-Seq	100	0	5'-3'-3'-5'	P-MTAB-67341	Clincial Genetics department in Maastricht	Sample 22	sequencing assay	ERX2155127	Sample22_TTGGTA_L005_R2_001.fastq.gz	Sample22_TTGGTA_L005_R2_001.fastq.gz	ERR2097772	ftp://ftp.sra.ebi.ac.uk/vol1/fastq/ERR209/002/ERR2097772/ERR2097772_2.fastq.gz	200	101	valproic acid	15	millimolar	EFO	UO_0000063	6	day	EFO	UO_0000033
Sample 22	ERS1875933	SAMEA104216915	Homo sapiens	liver	hepatocyte	mixed pool of Hu8119, Hu1591 and Hu1540 cell lines 	8	cell	P-MTAB-67339	Jarno Wolters (Toxicogenomics)	P-MTAB-67342	Jarno Wolters (Toxicogenomics)	P-MTAB-67340	Jarno Wolters (Toxicogenomics)	P-MTAB-67343	Jarno Wolters (Toxicogenomics)	Sample 22	group 8	PAIRED	PolyA	TRANSCRIPTOMIC	not applicable	RNA-Seq	100	0	5'-3'-3'-5'	P-MTAB-67341	Clincial Genetics department in Maastricht	Sample 22	sequencing assay	ERX2155127	Sample22_TTGGTA_L007_R1_001.fastq.gz	Sample22_TTGGTA_L007_R1_001.fastq.gz	ERR2097773	ftp://ftp.sra.ebi.ac.uk/vol1/fastq/ERR209/003/ERR2097773/ERR2097773_1.fastq.gz	200	101	valproic acid	15	millimolar	EFO	UO_0000063	6	day	EFO	UO_0000033
Sample 22	ERS1875933	SAMEA104216915	Homo sapiens	liver	hepatocyte	mixed pool of Hu8119, Hu1591 and Hu1540 cell lines 	8	cell	P-MTAB-67339	Jarno Wolters (Toxicogenomics)	P-MTAB-67342	Jarno Wolters (Toxicogenomics)	P-MTAB-67340	Jarno Wolters (Toxicogenomics)	P-MTAB-67343	Jarno Wolters (Toxicogenomics)	Sample 22	group 8	PAIRED	PolyA	TRANSCRIPTOMIC	not applicable	RNA-Seq	100	0	5'-3'-3'-5'	P-MTAB-67341	Clincial Genetics department in Maastricht	Sample 22	sequencing assay	ERX2155127	Sample22_TTGGTA_L007_R2_001.fastq.gz	Sample22_TTGGTA_L007_R2_001.fastq.gz	ERR2097773	ftp://ftp.sra.ebi.ac.uk/vol1/fastq/ERR209/003/ERR2097773/ERR2097773_2.fastq.gz	200	101	valproic acid	15	millimolar	EFO	UO_0000063	6	day	EFO	UO_0000033
Sample 23	ERS1875934	SAMEA104216916	Homo sapiens	liver	hepatocyte	mixed pool of Hu8119, Hu1591 and Hu1540 cell lines 	8	cell	P-MTAB-67339	Jarno Wolters (Toxicogenomics)	P-MTAB-67342	Jarno Wolters (Toxicogenomics)	P-MTAB-67340	Jarno Wolters (Toxicogenomics)	P-MTAB-67343	Jarno Wolters (Toxicogenomics)	Sample 23	group 8	PAIRED	PolyA	TRANSCRIPTOMIC	not applicable	RNA-Seq	100	0	5'-3'-3'-5'	P-MTAB-67341	Clincial Genetics department in Maastricht	Sample 23	sequencing assay	ERX2155128	Sample23_GACGAT_L005_R1_001.fastq.gz	Sample23_GACGAT_L005_R1_001.fastq.gz	ERR2097774	ftp://ftp.sra.ebi.ac.uk/vol1/fastq/ERR209/004/ERR2097774/ERR2097774_1.fastq.gz	200	101	valproic acid	15	millimolar	EFO	UO_0000063	6	day	EFO	UO_0000033
Sample 23	ERS1875934	SAMEA104216916	Homo sapiens	liver	hepatocyte	mixed pool of Hu8119, Hu1591 and Hu1540 cell lines 	8	cell	P-MTAB-67339	Jarno Wolters (Toxicogenomics)	P-MTAB-67342	Jarno Wolters (Toxicogenomics)	P-MTAB-67340	Jarno Wolters (Toxicogenomics)	P-MTAB-67343	Jarno Wolters (Toxicogenomics)	Sample 23	group 8	PAIRED	PolyA	TRANSCRIPTOMIC	not applicable	RNA-Seq	100	0	5'-3'-3'-5'	P-MTAB-67341	Clincial Genetics department in Maastricht	Sample 23	sequencing assay	ERX2155128	Sample23_GACGAT_L005_R2_001.fastq.gz	Sample23_GACGAT_L005_R2_001.fastq.gz	ERR2097774	ftp://ftp.sra.ebi.ac.uk/vol1/fastq/ERR209/004/ERR2097774/ERR2097774_2.fastq.gz	200	101	valproic acid	15	millimolar	EFO	UO_0000063	6	day	EFO	UO_0000033
Sample 23	ERS1875934	SAMEA104216916	Homo sapiens	liver	hepatocyte	mixed pool of Hu8119, Hu1591 and Hu1540 cell lines 	8	cell	P-MTAB-67339	Jarno Wolters (Toxicogenomics)	P-MTAB-67342	Jarno Wolters (Toxicogenomics)	P-MTAB-67340	Jarno Wolters (Toxicogenomics)	P-MTAB-67343	Jarno Wolters (Toxicogenomics)	Sample 23	group 8	PAIRED	PolyA	TRANSCRIPTOMIC	not applicable	RNA-Seq	100	0	5'-3'-3'-5'	P-MTAB-67341	Clincial Genetics department in Maastricht	Sample 23	sequencing assay	ERX2155128	Sample23_GACGAT_L007_R1_001.fastq.gz	Sample23_GACGAT_L007_R1_001.fastq.gz	ERR2097775	ftp://ftp.sra.ebi.ac.uk/vol1/fastq/ERR209/005/ERR2097775/ERR2097775_1.fastq.gz	200	101	valproic acid	15	millimolar	EFO	UO_0000063	6	day	EFO	UO_0000033
Sample 23	ERS1875934	SAMEA104216916	Homo sapiens	liver	hepatocyte	mixed pool of Hu8119, Hu1591 and Hu1540 cell lines 	8	cell	P-MTAB-67339	Jarno Wolters (Toxicogenomics)	P-MTAB-67342	Jarno Wolters (Toxicogenomics)	P-MTAB-67340	Jarno Wolters (Toxicogenomics)	P-MTAB-67343	Jarno Wolters (Toxicogenomics)	Sample 23	group 8	PAIRED	PolyA	TRANSCRIPTOMIC	not applicable	RNA-Seq	100	0	5'-3'-3'-5'	P-MTAB-67341	Clincial Genetics department in Maastricht	Sample 23	sequencing assay	ERX2155128	Sample23_GACGAT_L007_R2_001.fastq.gz	Sample23_GACGAT_L007_R2_001.fastq.gz	ERR2097775	ftp://ftp.sra.ebi.ac.uk/vol1/fastq/ERR209/005/ERR2097775/ERR2097775_2.fastq.gz	200	101	valproic acid	15	millimolar	EFO	UO_0000063	6	day	EFO	UO_0000033
Sample 24	ERS1875935	SAMEA104216917	Homo sapiens	liver	hepatocyte	mixed pool of Hu8119, Hu1591 and Hu1540 cell lines 	8	cell	P-MTAB-67339	Jarno Wolters (Toxicogenomics)	P-MTAB-67342	Jarno Wolters (Toxicogenomics)	P-MTAB-67340	Jarno Wolters (Toxicogenomics)	P-MTAB-67343	Jarno Wolters (Toxicogenomics)	Sample 24	group 8	PAIRED	PolyA	TRANSCRIPTOMIC	not applicable	RNA-Seq	100	0	5'-3'-3'-5'	P-MTAB-67341	Clincial Genetics department in Maastricht	Sample 24	sequencing assay	ERX2155129	Sample24_CAATGC_L006_R1_001.fastq.gz	Sample24_CAATGC_L006_R1_001.fastq.gz	ERR2097776	ftp://ftp.sra.ebi.ac.uk/vol1/fastq/ERR209/006/ERR2097776/ERR2097776_1.fastq.gz	200	101	valproic acid	15	millimolar	EFO	UO_0000063	6	day	EFO	UO_0000033
Sample 24	ERS1875935	SAMEA104216917	Homo sapiens	liver	hepatocyte	mixed pool of Hu8119, Hu1591 and Hu1540 cell lines 	8	cell	P-MTAB-67339	Jarno Wolters (Toxicogenomics)	P-MTAB-67342	Jarno Wolters (Toxicogenomics)	P-MTAB-67340	Jarno Wolters (Toxicogenomics)	P-MTAB-67343	Jarno Wolters (Toxicogenomics)	Sample 24	group 8	PAIRED	PolyA	TRANSCRIPTOMIC	not applicable	RNA-Seq	100	0	5'-3'-3'-5'	P-MTAB-67341	Clincial Genetics department in Maastricht	Sample 24	sequencing assay	ERX2155129	Sample24_CAATGC_L006_R2_001.fastq.gz	Sample24_CAATGC_L006_R2_001.fastq.gz	ERR2097776	ftp://ftp.sra.ebi.ac.uk/vol1/fastq/ERR209/006/ERR2097776/ERR2097776_2.fastq.gz	200	101	valproic acid	15	millimolar	EFO	UO_0000063	6	day	EFO	UO_0000033
Sample 24	ERS1875935	SAMEA104216917	Homo sapiens	liver	hepatocyte	mixed pool of Hu8119, Hu1591 and Hu1540 cell lines 	8	cell	P-MTAB-67339	Jarno Wolters (Toxicogenomics)	P-MTAB-67342	Jarno Wolters (Toxicogenomics)	P-MTAB-67340	Jarno Wolters (Toxicogenomics)	P-MTAB-67343	Jarno Wolters (Toxicogenomics)	Sample 24	group 8	PAIRED	PolyA	TRANSCRIPTOMIC	not applicable	RNA-Seq	100	0	5'-3'-3'-5'	P-MTAB-67341	Clincial Genetics department in Maastricht	Sample 24	sequencing assay	ERX2155129	Sample24_CAATGC_L008_R1_001.fastq.gz	Sample24_CAATGC_L008_R1_001.fastq.gz	ERR2097777	ftp://ftp.sra.ebi.ac.uk/vol1/fastq/ERR209/007/ERR2097777/ERR2097777_1.fastq.gz	200	101	valproic acid	15	millimolar	EFO	UO_0000063	6	day	EFO	UO_0000033
Sample 24	ERS1875935	SAMEA104216917	Homo sapiens	liver	hepatocyte	mixed pool of Hu8119, Hu1591 and Hu1540 cell lines 	8	cell	P-MTAB-67339	Jarno Wolters (Toxicogenomics)	P-MTAB-67342	Jarno Wolters (Toxicogenomics)	P-MTAB-67340	Jarno Wolters (Toxicogenomics)	P-MTAB-67343	Jarno Wolters (Toxicogenomics)	Sample 24	group 8	PAIRED	PolyA	TRANSCRIPTOMIC	not applicable	RNA-Seq	100	0	5'-3'-3'-5'	P-MTAB-67341	Clincial Genetics department in Maastricht	Sample 24	sequencing assay	ERX2155129	Sample24_CAATGC_L008_R2_001.fastq.gz	Sample24_CAATGC_L008_R2_001.fastq.gz	ERR2097777	ftp://ftp.sra.ebi.ac.uk/vol1/fastq/ERR209/007/ERR2097777/ERR2097777_2.fastq.gz	200	101	valproic acid	15	millimolar	EFO	UO_0000063	6	day	EFO	UO_0000033
